,AlphaBulletCapDot,AlphaBulletCapPar,AlphaBulletDot,AlphaBulletPar,ArticleNo,Class,DigitBulletDot,DigitBulletPar,Filename,FirstPatternOffset,FirstWordInCapitalOffset,LongestMatchingPattern,MatchedPatternsCount,MatchingBigrams,MatchingUnigrams,OrgMatchingBigrams,OrgMatchingUnigrams,OrgPrediction,OrgTotalMatchingCharacters,PrevAlphaBulletCapDot,PrevAlphaBulletCapPar,PrevAlphaBulletDot,PrevAlphaBulletPar,PrevDigitBulletDot,PrevDigitBulletPar,RawParagraph,RawParagraphLength,RespAPrediction,StemmedParagraph,StemmedParagraphLength,SumMatchingEntries,SumMatchingEntriesLength,TotalMatchingCharacters,TotalMatchingRatio,TotalPrediction,UnqMatchedPatternsCount,UnqMatchingBigrams,UnqMatchingUnigrams,WordsInCapital
0,0,0,0,1,1,NoIdea,0,0,20080100017.pdf,0,0,12,5,1,4,0,1,Non-Org,5,0,0,0,1,0,0,"β) Παρακολουθεί την εφαρμογή της κυβερνητικής πολιτικής και παρεμβαίνει όταν παρουσιάζεται έλλειμμα 
ισότητας κατά την άσκηση των πολιτικών και την υλοποίηση των δράσεων ίσων ευκαιριών.",185,RespA,Β ΠΑΡΑΚΟΛΟΥΘ ΕΦΑΡΜΟΓ ΚΥΒΕΡΝΗΤ ΠΟΛΙΤ ΠΑΡΕΜΒΑΙΝ ΠΑΡΟΥΣΙΑΖ ΕΛΛΕΙΜΜ ΙΣΟΤΗΤ ΑΣΚΗΣ ΠΟΛΙΤ ΥΛΟΠΟΙΗΣ ΔΡΑΣ ΙΣ ΕΥΚΑΙΡΙΩΝ.,110,84,562,42,0.3818181818,RespA,5,1,4,0
1,0,0,0,1,1,NoIdea,0,0,20080100017.pdf,0,0,9,5,0,5,0,0,Non-Org,0,0,0,0,1,0,0,"γ) Σχεδιάζει και συντονίζει νομοθετικές και διοικητικές πρωτοβουλίες σχετικές με πολιτικές ισότητας των 
δύο φύλων.",115,RespA,Γ ΣΧΕΔΙΑΖ ΣΥΝΤΟΝΙΖ ΝΟΜΟΘΕΤ ΔΙΟΙΚΗΤ ΠΡΩΤΟΒΟΥΛ ΣΧΕΤ ΠΟΛΙΤ ΙΣΟΤΗΤ ΔΥΟ ΦΥΛΩΝ.,73,37,273,37,0.5068493151,RespA,5,0,5,0
2,0,0,0,1,1,NoIdea,0,0,20080100017.pdf,0,9,8,6,0,6,0,0,Non-Org,0,0,0,0,1,0,0,"δ) Αναπτύσσει, μελετά και συντονίζει δράσεις που 
προωθούν την Ισότητα ανδρών και γυναικών.",91,RespA,Δ ΑΝΑΠΤΥΣΣ ΜΕΛΕΤ ΣΥΝΤΟΝΙΖ ΔΡΑΣ ΠΡΟΩΘ ΙΣΟΤΗΤ ΑΝΔΡ ΓΥΝΑΙΚΩΝ.,58,112,548,32,0.5517241379,RespA,6,0,6,1
3,0,0,0,1,1,NoIdea,0,0,20080100017.pdf,0,22,9,6,0,6,0,0,Non-Org,0,0,0,0,1,0,0,"ε) Ορίζει νέες κατευθυντήριες γραμμές για τη μελέτη 
και την ενθάρρυνση ανάληψης προγραμμάτων και την 
υλοποίηση πρωτοβουλιών, με στόχο την προώθηση της 
Ισότητας.",163,RespA,Ε ΟΡΙΖ ΝΕ ΚΑΤΕΥΘΥΝΤΗΡ ΓΡΑΜΜ ΜΕΛΕΤ ΕΝΘΑΡΡΥΝΣ ΑΝΑΛΗΨ ΠΡΟΓΡΑΜΜ ΥΛΟΠΟΙΗΣ ΠΡΩΤΟΒΟΥΛ ΣΤΟΧ ΠΡΟΩΘΗΣ ΙΣΟΤΗΤΑΣ.,101,140,869,39,0.3861386139,RespA,6,0,6,1
4,0,0,0,1,1,NoIdea,0,0,20080100017.pdf,0,10,8,2,1,1,0,1,Non-Org,5,0,0,0,1,0,0,"στ) Οργανώνει και συντονίζει κεντρικούς και τοπικούς 
φορείς σε θέματα Ισότητας.",80,RespA,ΣΤ ΟΡΓΑΝΩΝ ΣΥΝΤΟΝΙΖ ΚΕΝΤΡ ΤΟΠ ΦΟΡ ΘΕΜ ΙΣΟΤΗΤΑΣ.,47,9,69,15,0.3191489362,RespA,2,1,1,1
5,0,0,0,1,1,NoIdea,0,0,20080100017.pdf,0,33,16,9,3,6,0,0,Non-Org,0,0,0,0,1,0,0,"θ) Προετοιμάζει τον στρατηγικό σχεδιασμό στα θέματα ισότητας για τις προγραμματικές περιόδους ενίσχυσης της χώρας από ευρωπαϊκούς πόρους, συντονίζει 
και παρακολουθεί τις διαδικασίες που αφορούν στην 
οργάνωση και στην χρήση των πόρων των Διαρθρωτικών Ταμείων σε θέματα Ισότητας.",279,RespA,Θ ΠΡΟΕΤΟΙΜΑΖ ΣΤΡΑΤΗΓ ΣΧΕΔΙΑΣΜ ΘΕΜ ΙΣΟΤΗΤ ΠΡΟΓΡΑΜΜΑΤ ΠΕΡΙΟΔ ΕΝΙΣΧΥΣ ΧΩΡ ΕΥΡΩΠΑΙΚ ΠΟΡ ΣΥΝΤΟΝΙΖ ΠΑΡΑΚΟΛΟΥΘ ΔΙΑΔΙΚΑΣ ΑΦΟΡ ΟΡΓΑΝΩΣ ΧΡΗΣ ΠΟΡ ΔΙΑΡΘΡΩΤ ΤΑΜΕΙ ΘΕΜ ΙΣΟΤΗΤΑΣ.,163,86,643,81,0.4969325153,RespA,9,3,6,3
6,0,0,0,1,1,NoIdea,0,0,20080100017.pdf,0,12,15,5,1,4,0,0,Non-Org,0,0,0,0,1,0,0,"ι) Προωθεί τη συνεργασία μεταξύ εθνικών, περιφερειακών και τοπικών κυβερνητικών και άλλων Φορέων και 
εθνικών ή διεθνών Οργανώσεων για θέματα Ισότητας.",151,RespA,Ι ΠΡΟΩΘ ΣΥΝΕΡΓΑΣ ΕΘΝ ΠΕΡΙΦΕΡΕΙΑΚ ΤΟΠ ΚΥΒΕΡΝΗΤ ΦΟΡ ΕΘΝ ΔΙΕΘΝ ΟΡΓΑΝΩΣ ΘΕΜ ΙΣΟΤΗΤΑΣ.,81,110,847,43,0.5308641975,RespA,5,1,4,3
7,0,0,0,1,1,NoIdea,0,0,20080100017.pdf,0,0,9,4,0,4,0,0,Non-Org,0,0,0,0,1,0,0,"ια) Παρέχει τεχνογνωσία σε φορείς, που υλοποιούν 
δράσεις και προγράμματα ισότητας των φύλων.",93,RespA,ΙΑ ΠΑΡΕΧ ΤΕΧΝΟΓΝΩΣ ΦΟΡ ΥΛΟΠΟΙ ΔΡΑΣ ΠΡΟΓΡΑΜΜ ΙΣΟΤΗΤ ΦΥΛΩΝ.,57,51,238,24,0.4210526316,RespA,4,0,4,0
8,0,0,0,1,1,NoIdea,0,0,20080100017.pdf,0,9,9,2,1,1,0,0,Non-Org,0,0,0,0,1,0,0,"ιβ) Διαχειρίζεται και υλοποιεί έργα, που αφορούν στα 
θέματα Ισότητας.",70,RespA,ΙΒ ΔΙΑΧΕΙΡΙΖ ΥΛΟΠΟΙ ΕΡΓ ΑΦΟΡ ΘΕΜ ΙΣΟΤΗΤΑΣ.,42,8,69,17,0.4047619048,RespA,2,1,1,1
9,0,0,0,1,1,NoIdea,0,0,20080100017.pdf,0,0,12,9,1,8,0,0,Non-Org,0,0,0,0,1,0,0,"ιγ) Επιχορηγεί, ενισχύει και ενθαρρύνει κάθε είδους 
πρωτοβουλίες, δραστηριότητες, καθώς και τοπικούς, 
κοινωνικούς και λοιπούς φορείς και μη κυβερνητικές 
οργανώσεις, που στόχο έχουν την προώθηση της ισότητας μεταξύ γυναικών και ανδρών.",237,RespA,ΙΓ ΕΠΙΧΟΡΗΓ ΕΝΙΣΧΥ ΕΝΘΑΡΡΥΝ ΕΙΔ ΠΡΩΤΟΒΟΥΛ ΔΡΑΣΤΗΡΙΟΤΗΤ ΤΟΠ ΚΟΙΝΩΝ ΛΟΙΠ ΦΟΡ ΚΥΒΕΡΝΗΤ ΟΡΓΑΝΩΣ ΣΤΟΧ ΠΡΟΩΘΗΣ ΙΣΟΤΗΤ ΓΥΝΑΙΚ ΑΝΔΡΩΝ.,126,129,984,67,0.5317460317,RespA,9,1,8,0
10,0,0,0,1,1,NoIdea,0,0,20080100017.pdf,0,35,16,11,2,9,0,0,Non-Org,0,0,0,0,1,0,0,"ιδ) Σχεδιάζει και συνεργάζεται με άλλες δημόσιες 
υπηρεσίες και λοιπούς φορείς την εφαρμογή προγραμμάτων σχετικών με την υγεία, το περιβάλλον, τις 
κοινωνικές υπηρεσίες, την παιδεία, την κατάρτιση και 
την απασχόληση, που στοχεύουν στην προώθηση της 
Ισότητας μεταξύ γυναικών και ανδρών.",287,RespA,ΙΔ ΣΧΕΔΙΑΖ ΣΥΝΕΡΓΑΖ ΔΗΜΟΣ ΥΠΗΡΕΣ ΛΟΙΠ ΦΟΡ ΕΦΑΡΜΟΓ ΠΡΟΓΡΑΜΜ ΣΧΕΤ ΥΓΕΙ ΠΕΡΙΒΑΛΛΟΝ ΚΟΙΝΩΝ ΥΠΗΡΕΣ ΠΑΙΔΕΙ ΚΑΤΑΡΤΙΣ ΑΠΑΣΧΟΛΗΣ ΣΤΟΧΕΥ ΠΡΟΩΘΗΣ ΙΣΟΤΗΤ ΓΥΝΑΙΚ ΑΝΔΡΩΝ.,156,112,856,89,0.5705128205,RespA,11,2,9,1
11,0,0,0,1,1,NoIdea,0,0,20080100017.pdf,0,13,23,4,1,3,0,0,Non-Org,0,0,0,0,1,0,0,"ιε) Προωθεί μέτρα, που συμβάλλουν στην ενημέρωση 
και ευαισθητοποίηση της κοινωνίας σε θέματα Ισότητας.",103,RespA,ΙΕ ΠΡΟΩΘ ΜΕΤΡ ΣΥΜΒΑΛΛ ΕΝΗΜΕΡΩΣ ΕΥΑΙΣΘΗΤΟΠΟΙΗΣ ΚΟΙΝΩΝ ΘΕΜ ΙΣΟΤΗΤΑΣ.,66,39,236,39,0.5909090909,RespA,4,1,3,1
12,0,0,0,1,1,NoIdea,0,0,20080100017.pdf,0,4,12,7,4,3,0,1,Non-Org,5,0,0,0,1,0,0,"ιη) Ασκεί εποπτεία στο Κέντρο Ερευνών για Θέματα 
Ισότητας (Κ.Ε.Θ.Ι.) με σκοπό την προώθηση των θεμάτων, 
που αφορούν στην Ισότητα, σύμφωνα με τον νόμο και 
δίνει κατευθύνσεις για την μελέτη, έρευνα και γενικότερα υποστήριξη των πολιτικών ισότητας.",248,RespA,ΙΗ ΑΣΚ ΕΠΟΠΤΕΙ ΚΕΝΤΡ ΕΡΕΥΝ ΘΕΜ ΙΣΟΤΗΤ Κ.Ε.Θ.Ι. ΣΚΟΠ ΠΡΟΩΘΗΣ ΘΕΜ ΑΦΟΡ ΙΣΟΤΗΤ ΣΥΜΦΩΝ ΝΟΜ ΔΙΝ ΚΑΤΕΥΘΥΝΣ ΜΕΛΕΤ ΕΡΕΥΝ ΓΕΝΙΚ ΥΠΟΣΤΗΡΙΞ ΠΟΛΙΤ ΙΣΟΤΗΤΑΣ.,144,111,951,66,0.4583333333,RespA,7,4,3,6
13,0,0,0,0,2,NoIdea,0,0,20080100017.pdf,0,2,16,3,3,0,0,1,Non-Org,5,0,0,0,0,0,0,"των Φύλων
Οι Υπηρεσίες της Γενικής Γραμματείας Ισότητας των 
Φύλων διακρίνονται σε Κεντρική και σε Περιφερειακές.",113,Non-RespA,ΤΩΝ ΦΥΛ ΥΠΗΡΕΣ ΓΕΝΙΚ ΓΡΑΜΜΑΤΕΙ ΙΣΟΤΗΤ ΦΥΛ ΔΙΑΚΡΙΝ ΚΕΝΤΡ ΠΕΡΙΦΕΡΕΙΑΚΕΣ.,70,15,190,38,0.5428571429,RespA,3,3,0,9
14,0,0,0,0,2,NoIdea,0,0,20080100017.pdf,0,2,15,7,2,5,0,0,Non-Org,0,0,0,0,0,0,0,"Απασχόλησης
Πολιτικής
Συνεργασίας 
β) τη Διεύθυνση Εργασιακών Σχέσεων και Κοινωνικής 
γ) τη Διεύθυνση Τεκμηρίωσης και Πληροφόρησης 
δ) τη Διεύθυνση Ευρωπαϊκής Πολιτικής και Διεθνούς 
ε) τη Διεύθυνση Διοικητικού – Οικονομικού και Οργάνωσης
στ) το Νομικό Τμήμα.",259,Non-RespA,ΑΠΑΣΧΟΛΗΣ ΠΟΛΙΤ ΣΥΝΕΡΓΑΣ Β ΔΙΕΥΘΥΝΣ ΕΡΓΑΣΙΑΚ ΣΧΕΣ ΚΟΙΝΩΝ Γ ΔΙΕΥΘΥΝΣ ΤΕΚΜΗΡΙΩΣ ΠΛΗΡΟΦΟΡΗΣ Δ ΔΙΕΥΘΥΝΣ ΕΥΡΩΠΑΙΚ ΠΟΛΙΤ ΔΙΕΘΝ Ε ΔΙΕΥΘΥΝΣ ΔΙΟΙΚΗΤ ΟΙΚΟΝΟΜ ΟΡΓΑΝΩΣ ΣΤ ΝΟΜ ΤΜΗΜΑ.,169,136,1143,71,0.4201183432,Irrelevant,7,2,5,19
15,0,0,0,0,2,NoIdea,0,0,20080100017.pdf,0,4,10,2,0,2,0,2,Non-Org,13,0,0,0,0,0,0,"Με απόφαση του Υπουργού Εσωτερικών, καθορίζεται 
ο χρόνος έναρξης λειτουργίας των Συμβουλευτικών 
Κέντρων, που προβλέπονται στην παράγραφο 2 του 
άρθρου 6 του παρόντος.",168,Non-RespA,ΜΕ ΑΠΟΦΑΣ ΥΠΟΥΡΓ ΕΣΩΤΕΡ ΚΑΘΟΡΙΖ ΧΡΟΝ ΕΝΑΡΞ ΛΕΙΤΟΥΡΓ ΣΥΜΒΟΥΛΕΥΤ ΚΕΝΤΡ ΠΡΟΒΛΕΠ ΠΑΡΑΓΡΑΦ 2 ΑΡΘΡ 6 ΠΑΡΟΝΤΟΣ.,104,9,72,17,0.1634615385,RespA,2,0,2,4
16,0,0,0,0,3,NoIdea,0,0,20080100017.pdf,0,2,6,2,0,2,0,0,Non-Org,0,0,0,0,0,0,0,"Γραφείο Γενικού Γραμματέα
Το Γραφείο Γενικού Γραμματέα έχει τις ακόλουθες 
αρμοδιότητες:",88,Non-RespA,ΓΡΑΦΕΙ ΓΕΝΙΚ ΓΡΑΜΜΑΤ ΓΡΑΦΕΙ ΓΕΝΙΚ ΓΡΑΜΜΑΤ ΑΚΟΛΟΥΘ ΑΡΜΟΔΙΟΤΗΤ,60,9,54,12,0.2,RespA,1,0,1,6
17,0,0,1,0,3,NoIdea,0,0,20080100017.pdf,0,0,10,2,0,2,0,0,Non-Org,0,0,0,1,0,0,0,β. έχει την επιμέλεια της αλληλογραφίας του.,44,RespA,Β. ΕΠΙΜΕΛΕΙ ΑΛΛΗΛΟΓΡΑΦ ΤΟΥ.,27,20,190,18,0.6666666667,RespA,2,0,2,0
18,0,0,1,0,3,NoIdea,0,0,20080100017.pdf,0,0,10,3,2,1,0,0,Non-Org,0,0,0,1,0,0,0,γ. έχει την επιμέλεια της τήρησης των σχετικών αρχείων και στοιχείων.,69,RespA,Γ. ΕΠΙΜΕΛΕΙ ΤΗΡΗΣ ΣΧΕΤ ΑΡΧΕΙ ΣΤΟΙΧΕΙΩΝ.,39,13,120,28,0.7179487179,RespA,3,2,1,0
19,0,0,1,0,3,NoIdea,0,0,20080100017.pdf,0,0,9,1,0,1,0,0,Non-Org,0,0,0,1,0,0,0,"δ. οργανώνει την επικοινωνία του με τους φορείς και 
τους πολίτες.",66,RespA,Δ. ΟΡΓΑΝΩΝ ΕΠΙΚΟΙΝΩΝ ΦΟΡ ΠΟΛΙΤΕΣ.,33,15,135,9,0.2727272727,RespA,1,0,1,0
20,0,0,1,0,3,NoIdea,0,0,20080100017.pdf,0,8,6,2,0,2,0,1,Non-Org,5,0,0,1,0,0,0,"ε. μελετά ειδικά θέματα, που του αναθέτει ο Γενικός 
Γραμματέας.",64,RespA,Ε. ΜΕΛΕΤ ΕΙΔΙΚ ΘΕΜ ΑΝΑΘΕΤ ΓΕΝΙΚ ΓΡΑΜΜΑΤΕΑΣ.,43,53,267,11,0.2558139535,RespA,2,0,2,2
21,0,0,0,0,4,NoIdea,0,0,20080100017.pdf,0,2,16,16,4,12,0,0,Non-Org,0,0,0,0,0,0,0,"Γενική Διεύθυνση Συντονισμού
Η Γενική Διεύθυνση Συντονισμού, εντός του πλαισίου 
της αποστολής της Γενικής Γραμματείας Ισότητας, έχει 
ως αρμοδιότητα τον γενικό συντονισμό των δραστηριοτήτων και του έργου των οργανικών μονάδων της, 
την επιμέλεια του προγραμματισμού των διοικητικών 
δραστηριοτήτων και της αξιολόγησης της ποιότητας 
του παραγόμενου έργου, για την αποτελεσματικότερη 
προώθηση της ισότητας των φύλων.",417,RespA,ΓΕΝΙΚ ΔΙΕΥΘΥΝΣ ΣΥΝΤΟΝΙΣΜ ΓΕΝΙΚ ΔΙΕΥΘΥΝΣ ΣΥΝΤΟΝΙΣΜ ΠΛΑΙΣΙ ΑΠΟΣΤΟΛ ΓΕΝΙΚ ΓΡΑΜΜΑΤΕΙ ΙΣΟΤΗΤ ΑΡΜΟΔΙΟΤΗΤ ΓΕΝΙΚ ΣΥΝΤΟΝΙΣΜ ΔΡΑΣΤΗΡΙΟΤΗΤ ΕΡΓ ΟΡΓΑΝ ΜΟΝΑΔ ΕΠΙΜΕΛΕΙ ΠΡΟΓΡΑΜΜΑΤΙΣΜ ΔΙΟΙΚΗΤ ΔΡΑΣΤΗΡΙΟΤΗΤ ΑΞΙΟΛΟΓΗΣ ΠΟΙΟΤΗΤ ΠΑΡΑΓΟΜΕΝ ΕΡΓ ΑΠΟΤΕΛΕΣΜΑΤΙΚ ΠΡΟΩΘΗΣ ΙΣΟΤΗΤ ΦΥΛΩΝ.,255,196,1862,163,0.6392156863,RespA,12,3,9,9
22,0,0,0,0,5,NoIdea,0,0,20080100017.pdf,0,2,21,23,11,12,0,4,Non-Org,24,0,0,0,0,0,0,"Διεύθυνση Προγραμματισμού, Ανάπτυξης και
 Απασχόλησης
1. Η Διεύθυνση Προγραμματισμού, Ανάπτυξης και 
Απασχόλησης, έχει ως αρμοδιότητες την ένταξη της 
διάστασης της ισότητας των φύλων σε όλες τις πολιτικές, που αφορούν σε θέματα ανάπτυξης, απασχόλησης, επιχειρηματικότητας, παιδείας και εκπαίδευσης, 
έρευνας και τεχνολογίας, τόσο σε κεντρικό, όσο και σε 
περιφερειακό επίπεδο, τη συμμετοχή στο σχεδιασμό, 
την υλοποίηση και την παρακολούθηση των Προγραμμάτων, σε συνεργασία με τις ειδικές Υπηρεσίες Διαχείρισης των Κοινοτικών Πλαισίων Στήριξης (Κ.Π.Σ.) για 
την προώθηση πολιτικών ισότητας. Επίσης, η Διεύθυνση, 
στα πλαίσια των αρμοδιοτήτων της, συνεργάζεται με το 
Κέντρο Ερευνών για Θέματα Ισότητας (Κ.Ε.Θ.Ι.).",714,RespA,ΔΙΕΥΘΥΝΣ ΠΡΟΓΡΑΜΜΑΤΙΣΜ ΑΝΑΠΤΥΞ ΑΠΑΣΧΟΛΗΣ 1. ΔΙΕΥΘΥΝΣ ΠΡΟΓΡΑΜΜΑΤΙΣΜ ΑΝΑΠΤΥΞ ΑΠΑΣΧΟΛΗΣ ΑΡΜΟΔΙΟΤΗΤ ΕΝΤΑΞ ΔΙΑΣΤΑΣ ΙΣΟΤΗΤ ΦΥΛ ΠΟΛΙΤ ΑΦΟΡ ΘΕΜ ΑΝΑΠΤΥΞ ΑΠΑΣΧΟΛΗΣ ΕΠΙΧΕΙΡΗΜΑΤΙΚΟΤΗΤ ΠΑΙΔΕΙ ΕΚΠΑΙΔΕΥΣ ΕΡΕΥΝ ΤΕΧΝΟΛΟΓ ΚΕΝΤΡ ΠΕΡΙΦΕΡΕΙΑΚ ΕΠΙΠΕΔ ΣΥΜΜΕΤΟΧ ΣΧΕΔΙΑΣΜ ΥΛΟΠΟΙΗΣ ΠΑΡΑΚΟΛΟΥΘΗΣ ΠΡΟΓΡΑΜΜ ΣΥΝΕΡΓΑΣ ΕΙΔΙΚ ΥΠΗΡΕΣ ΔΙΑΧΕΙΡΙΣ ΚΟΙΝΟΤ ΠΛΑΙΣΙ ΣΤΗΡΙΞ Κ.Π.Σ. ΠΡΟΩΘΗΣ ΠΟΛΙΤ ΙΣΟΤΗΤΑΣ. ΔΙΕΥΘΥΝΣ ΠΛΑΙΣΙ ΑΡΜΟΔΙΟΤΗΤ ΣΥΝΕΡΓΑΖ ΚΕΝΤΡ ΕΡΕΥΝ ΘΕΜ ΙΣΟΤΗΤ Κ.Ε.Θ.Ι. .,431,138,1513,275,0.6380510441,RespA,20,11,9,22
23,0,0,0,0,6,NoIdea,0,0,20080100017.pdf,0,2,13,4,1,3,0,0,Non-Org,0,0,0,0,0,0,0,"Διεύθυνση Εργασιακών Σχέσεων και 
Κοινωνικής Πολιτικής
α) Προγραμματισμού και Ανάπτυξης 
β) Εκπαίδευσης και Κατάρτισης 
γ) Απασχόλησης.",135,Non-RespA,ΔΙΕΥΘΥΝΣ ΕΡΓΑΣΙΑΚ ΣΧΕΣ ΚΟΙΝΩΝ ΠΟΛΙΤ Α ΠΡΟΓΡΑΜΜΑΤΙΣΜ ΑΝΑΠΤΥΞ Β ΕΚΠΑΙΔΕΥΣ ΚΑΤΑΡΤΙΣ Γ ΑΠΑΣΧΟΛΗΣΗΣ.,95,104,987,43,0.4526315789,Org,4,1,3,9
24,0,0,0,1,6,NoIdea,0,0,20080100017.pdf,0,0,22,17,9,8,0,1,Non-Org,5,0,0,0,1,0,0,"αα) Ο σχεδιασμός, η υλοποίηση, η παρακολούθηση 
και η αξιολόγηση δράσεων και καλών πρακτικών, που 
διασφαλίζουν τη διάσταση του φύλου, την ισόρροπη 
συμμετοχή γυναικών και ανδρών στα κέντρα λήψης αποφάσεων καθώς και η δημιουργία προϋποθέσεων για τη 
διασφάλιση ίσων ευκαιριών για την πρόσβαση στους 
τομείς έρευνας και νέων τεχνολογιών.",336,RespA,ΑΑ ΣΧΕΔΙΑΣΜ ΥΛΟΠΟΙΗΣ ΠΑΡΑΚΟΛΟΥΘΗΣ ΑΞΙΟΛΟΓΗΣ ΔΡΑΣ ΚΑΛ ΠΡΑΚΤ ΔΙΑΣΦΑΛΙΖ ΔΙΑΣΤΑΣ ΦΥΛ ΙΣΟΡΡΟΠ ΣΥΜΜΕΤΟΧ ΓΥΝΑΙΚ ΑΝΔΡ ΚΕΝΤΡ ΛΗΨ ΑΠΟΦΑΣ ΔΗΜΙΟΥΡΓ ΠΡΟΥΠΟΘΕΣ ΔΙΑΣΦΑΛΙΣ ΙΣ ΕΥΚΑΙΡ ΠΡΟΣΒΑΣ ΤΟΜ ΕΡΕΥΝ ΝΕ ΤΕΧΝΟΛΟΓΙΩΝ.,199,102,993,184,0.9246231156,RespA,17,9,8,0
25,0,0,0,1,6,NoIdea,0,0,20080100017.pdf,0,0,22,16,16,0,0,1,Non-Org,5,0,0,0,1,0,0,"ββ) Ο σχεδιασμός, η υλοποίηση, η παρακολούθηση και 
η αξιολόγηση δράσεων στους τομείς του περιβάλλοντος, 
της χωροταξίας, της πολεοδομίας, των υποδομών, ώστε 
να λαμβάνονται υπόψη ισότιμα οι ανάγκες γυναικών και 
ανδρών σε κεντρικό και περιφερειακό επίπεδο.",257,RespA,ΒΒ ΣΧΕΔΙΑΣΜ ΥΛΟΠΟΙΗΣ ΠΑΡΑΚΟΛΟΥΘΗΣ ΑΞΙΟΛΟΓΗΣ ΔΡΑΣ ΤΟΜ ΠΕΡΙΒΑΛΛΟΝΤ ΧΩΡΟΤΑΞ ΠΟΛΕΟΔΟΜ ΥΠΟΔΟΜ ΛΑΜΒΑΝ ΙΣΟΤΙΜ ΑΝΑΓΚ ΓΥΝΑΙΚ ΑΝΔΡ ΚΕΝΤΡ ΠΕΡΙΦΕΡΕΙΑΚ ΕΠΙΠΕΔΟ.,147,49,742,235,1.598639456,RespA,16,16,0,0
26,0,0,0,1,6,NoIdea,0,0,20080100017.pdf,0,42,17,8,3,5,0,0,Non-Org,0,0,0,0,1,0,0,"γγ) Η προώθηση και ενσωμάτωση μέτρων ισότητας 
ανάμεσα στα δύο φύλα (gender mainstreaming) σε τομείς όπως ο πολιτικός, ο οικονομικός, ο πολιτιστικός, ο 
κοινωνικός, για την πρόληψη και την εξάλειψη των διακρίσεων λόγω φύλου, σε συνεργασία με τις συναρμόδιες 
οργανικές μονάδες της Γ.Γ.Ι.Φ. και άλλους φορείς.",308,RespA,ΓΓ ΠΡΟΩΘΗΣ ΕΝΣΩΜΑΤΩΣ ΜΕΤΡ ΙΣΟΤΗΤ ΔΥΟ ΦΥΛ GENDER MAINSTREAMING ΤΟΜ ΠΟΛΙΤ ΟΙΚΟΝΟΜ ΠΟΛΙΤΙΣΤ ΚΟΙΝΩΝ ΠΡΟΛΗΨ ΕΞΑΛΕΙΨ ΔΙΑΚΡΙΣ ΦΥΛ ΣΥΝΕΡΓΑΣ ΣΥΝΑΡΜΟΔ ΟΡΓΑΝ ΜΟΝΑΔ Γ.Γ.Ι.Φ. ΦΟΡΕΙΣ.,169,96,685,66,0.3905325444,RespA,8,3,5,1
27,0,0,0,1,6,NoIdea,0,0,20080100017.pdf,0,0,19,5,1,4,0,0,Non-Org,0,0,0,0,1,0,0,"δδ) Η παρακολούθηση των αναπτυξιακών ή άλλων 
προγραμμάτων και έργων, καθώς και η αξιολόγηση πολιτικών ισότητας που περιέχονται στα προγράμματα 
αυτά.",150,RespA,ΔΔ ΠΑΡΑΚΟΛΟΥΘΗΣ ΑΝΑΠΤΥΞΙΑΚ ΠΡΟΓΡΑΜΜ ΕΡΓ ΑΞΙΟΛΟΓΗΣ ΠΟΛΙΤ ΙΣΟΤΗΤ ΠΕΡΙΕΧ ΠΡΟΓΡΑΜΜ ΑΥΤΑ.,84,115,1200,52,0.619047619,RespA,5,1,4,0
28,0,0,0,1,6,NoIdea,0,0,20080100017.pdf,0,0,11,4,0,4,0,0,Non-Org,0,0,0,0,1,0,0,εε) Η προώθηση των θεμάτων περιφερειακής ανάπτυξης αναφορικά με την ισότητα των φύλων.,86,RespA,ΕΕ ΠΡΟΩΘΗΣ ΘΕΜ ΠΕΡΙΦΕΡΕΙΑΚ ΑΝΑΠΤΥΞ ΑΝΑΦΟΡ ΙΣΟΤΗΤ ΦΥΛΩΝ.,55,67,550,30,0.5454545455,RespA,4,0,4,0
29,0,0,0,1,6,NoIdea,0,0,20080100017.pdf,0,5,11,5,1,4,0,0,Non-Org,0,0,0,0,1,0,0,"ηη) Η συνεργασία με τις Μη Κυβερνητικές Οργανώσεις 
(Μ.Κ.Ο.), που δραστηριοποιούνται σε θέματα ισότητας 
των φύλων.",115,RespA,ΗΗ ΣΥΝΕΡΓΑΣ ΚΥΒΕΡΝΗΤ ΟΡΓΑΝΩΣ Μ.Κ.Ο. ΔΡΑΣΤΗΡΙΟΠΟ ΘΕΜ ΙΣΟΤΗΤ ΦΥΛΩΝ.,65,108,844,44,0.6769230769,RespA,5,1,4,4
30,0,0,0,1,6,NoIdea,0,0,20080100017.pdf,0,2,10,5,1,4,0,0,Non-Org,0,0,0,0,1,0,0,"β) Τμήμα Εκπαίδευσης και Κατάρτισης 
αα) Η προώθηση μέτρων για την εφαρμογή των πολιτικών ισότητας των φύλων στην εκπαίδευση.",125,RespA,Β ΤΜΗΜ ΕΚΠΑΙΔΕΥΣ ΚΑΤΑΡΤΙΣ ΑΑ ΠΡΟΩΘΗΣ ΜΕΤΡ ΕΦΑΡΜΟΓ ΠΟΛΙΤ ΙΣΟΤΗΤ ΦΥΛ ΕΚΠΑΙΔΕΥΣΗ.,78,134,999,38,0.4871794872,RespA,5,1,4,3
31,0,0,0,1,6,NoIdea,0,0,20080100017.pdf,0,0,18,6,3,3,0,1,Non-Org,5,0,0,0,1,0,0,"ββ) Η εκπόνηση μελετών, ερευνών, εκπαιδευτικών 
προγραμμάτων και η αξιολόγηση τους, σε συνεργασία 
με συναρμόδιους φορείς και κοινωνικούς εταίρους, σε 
θέματα ισότητας.",168,RespA,ΒΒ ΕΚΠΟΝΗΣ ΜΕΛΕΤ ΕΡΕΥΝ ΕΚΠΑΙΔΕΥΤ ΠΡΟΓΡΑΜΜ ΑΞΙΟΛΟΓΗΣ ΣΥΝΕΡΓΑΣ ΣΥΝΑΡΜΟΔ ΦΟΡ ΚΟΙΝΩΝ ΕΤΑΙΡ ΘΕΜ ΙΣΟΤΗΤΑΣ.,100,69,677,67,0.67,RespA,6,3,3,0
32,0,0,0,1,6,NoIdea,0,0,20080100017.pdf,0,19,14,7,3,4,0,0,Non-Org,0,0,0,0,1,0,0,"γγ) Η συνεργασία με φορείς, σε εθνικό, ευρωπαϊκό 
και διεθνές επίπεδο, για εκπαιδευτικά θέματα, συναφή 
με την αποστολή της Γ.Γ.Ι.Φ.",132,RespA,ΓΓ ΣΥΝΕΡΓΑΣ ΦΟΡ ΕΘΝ ΕΥΡΩΠΑΙΚ ΔΙΕΘΝ ΕΠΙΠΕΔ ΕΚΠΑΙΔΕΥΤ ΘΕΜ ΣΥΝΑΦ ΑΠΟΣΤΟΛ Γ.Γ.Ι.Φ.,78,63,510,65,0.8333333333,RespA,7,3,4,1
33,0,0,0,1,6,NoIdea,0,0,20080100017.pdf,0,22,14,4,3,1,0,0,Non-Org,0,0,0,0,1,0,0,"δδ) Η συνεργασία με φορείς, σε εθνικό, ευρωπαϊκό και 
διεθνές επίπεδο, για την καταπολέμηση των στερεοτύπων λόγω φύλου που προβάλλονται από τα Μ.Μ.Ε.",149,RespA,ΔΔ ΣΥΝΕΡΓΑΣ ΦΟΡ ΕΘΝ ΕΥΡΩΠΑΙΚ ΔΙΕΘΝ ΕΠΙΠΕΔ ΚΑΤΑΠΟΛΕΜΗΣ ΣΤΕΡΕΟΤΥΠ ΦΥΛ ΠΡΟΒΑΛΛ Μ.Μ.Ε.,82,19,160,44,0.5365853659,RespA,4,3,1,1
34,0,0,0,1,6,NoIdea,0,0,20080100017.pdf,0,2,0,0,0,0,0,0,Non-Org,0,0,0,0,1,0,0,γ) Τμήμα Απασχόλησης.,21,Non-RespA,Γ ΤΜΗΜ ΑΠΑΣΧΟΛΗΣΗΣ.,19,0,0,0,0,RespA,0,0,0,1
35,0,0,0,1,6,NoIdea,0,0,20080100017.pdf,0,0,16,10,4,6,0,1,Non-Org,5,0,0,0,1,0,0,"αα) Ο σχεδιασμός, η παρακολούθηση ενεργειών, που 
αφορούν στην αντιμετώπιση της ανεργίας των γυναικών 
με ειδικές δράσεις και στην αξιοποίηση του γυναικείου 
ανθρώπινου δυναμικού στο σύνολο των εθνικών (περιφερειακών και τοπικών) και ευρωπαϊκών παρεμβάσεων, 
μέσω της προώθησης στην απασχόληση.",294,RespA,ΑΑ ΣΧΕΔΙΑΣΜ ΠΑΡΑΚΟΛΟΥΘΗΣ ΕΝΕΡΓΕΙ ΑΦΟΡ ΑΝΤΙΜΕΤΩΠΙΣ ΑΝΕΡΓ ΓΥΝΑΙΚ ΕΙΔΙΚ ΔΡΑΣ ΑΞΙΟΠΟΙΗΣ ΓΥΝΑΙΚΕΙ ΑΝΘΡΩΠΙΝ ΔΥΝΑΜ ΣΥΝΟΛ ΕΘΝ ΠΕΡΙΦΕΡΕΙΑΚ ΤΟΠ ΕΥΡΩΠΑΙΚ ΠΑΡΕΜΒΑΣ ΜΕΣ ΠΡΟΩΘΗΣ ΑΠΑΣΧΟΛΗΣΗ.,175,148,1323,102,0.5828571429,RespA,10,4,6,0
36,0,0,0,1,6,NoIdea,0,0,20080100017.pdf,0,0,9,4,0,4,0,0,Non-Org,0,0,0,0,1,0,0,ββ) Η εκπόνηση μελετών και προγραμμάτων κατάρτισης και η αξιολόγηση τους.,73,RespA,ΒΒ ΕΚΠΟΝΗΣ ΜΕΛΕΤ ΠΡΟΓΡΑΜΜ ΚΑΤΑΡΤΙΣ ΑΞΙΟΛΟΓΗΣ ΤΟΥΣ.,50,145,1036,29,0.58,RespA,4,0,4,0
37,0,0,0,1,6,NoIdea,0,0,20080100017.pdf,0,0,22,7,3,4,0,0,Non-Org,0,0,0,0,1,0,0,"γγ) Ο σχεδιασμός, η υλοποίηση, η παρακολούθηση 
και η αξιολόγηση νέων προτύπων παρέμβασης, που 
στοχεύουν στην προώθηση της απασχόλησης, χωρίς 
διακρίσεις λόγω φύλου.",166,RespA,ΓΓ ΣΧΕΔΙΑΣΜ ΥΛΟΠΟΙΗΣ ΠΑΡΑΚΟΛΟΥΘΗΣ ΑΞΙΟΛΟΓΗΣ ΝΕ ΠΡΟΤΥΠ ΠΑΡΕΜΒΑΣ ΣΤΟΧΕΥ ΠΡΟΩΘΗΣ ΑΠΑΣΧΟΛΗΣ ΔΙΑΚΡΙΣ ΦΥΛΟΥ.,102,47,524,90,0.8823529412,RespA,7,3,4,0
38,0,0,0,1,6,NoIdea,0,0,20080100017.pdf,0,2,11,1,0,1,0,0,Non-Org,0,0,0,0,1,0,0,"γ) Τμήμα Αντιμετώπισης της Βίας λόγω φύλου,",43,Non-RespA,Γ ΤΜΗΜ ΑΝΤΙΜΕΤΩΠΙΣ ΒΙ ΦΥΛ,25,11,121,11,0.44,RespA,1,0,1,2
39,0,0,0,1,6,NoIdea,0,0,20080100017.pdf,0,2,10,1,0,1,0,0,Non-Org,0,0,0,0,1,0,0,δ) Συμβουλευτικά Κέντρα.,24,Non-RespA,Δ ΣΥΜΒΟΥΛΕΥΤ ΚΕΝΤΡΑ.,20,3,30,10,0.5,RespA,1,0,1,1
40,0,0,0,1,6,NoIdea,0,0,20080100017.pdf,0,50,14,17,2,15,0,1,Non-Org,6,0,0,0,1,0,0,"αα) Η επεξεργασία, η εισήγηση και προώθηση μέτρων 
για την εφαρμογή της αρχής της ίσης μεταχείρισης 
μεταξύ ανδρών και γυναικών σε θέματα όρων αμοιβής 
και συνθηκών εργασίας, επαγγελματικής δραστηριότητας και εξέλιξης σε θέσεις ευθύνης και στα ζητήματα 
αξιολόγησης προσωπικού, με την συνεργασία όλων 
των αρμόδιων θεσμικών φορέων και μηχανισμών της 
Πολιτείας.",361,RespA,ΑΑ ΕΠΕΞΕΡΓΑΣ ΕΙΣΗΓΗΣ ΠΡΟΩΘΗΣ ΜΕΤΡ ΕΦΑΡΜΟΓ ΑΡΧ ΙΣ ΜΕΤΑΧΕΙΡΙΣ ΑΝΔΡ ΓΥΝΑΙΚ ΘΕΜ ΟΡ ΑΜΟΙΒ ΣΥΝΘΗΚ ΕΡΓΑΣ ΕΠΑΓΓΕΛΜΑΤ ΔΡΑΣΤΗΡΙΟΤΗΤ ΕΞΕΛΙΞ ΘΕΣ ΕΥΘΥΝ ΖΗΤΗΜ ΑΞΙΟΛΟΓΗΣ ΠΡΟΣΩΠ ΣΥΝΕΡΓΑΣ ΑΡΜΟΔ ΘΕΣΜ ΦΟΡ ΜΗΧΑΝΙΣΜ ΠΟΛΙΤΕΙΑΣ.,205,282,2235,124,0.6048780488,Irrelevant,17,2,15,1
41,0,0,0,1,6,NoIdea,0,0,20080100017.pdf,0,0,17,11,4,7,0,1,Non-Org,5,0,0,0,1,0,0,"ββ) Η συνεργασία με κοινωνικούς εταίρους και η 
ανταλλαγή και διάχυση της πληροφόρησης, καλών πρακτικών, συμπεριλαμβανομένης της παρακολούθησης των 
καλών πρακτικών στο χώρο εργασίας των συλλογικών 
συμβάσεων εργασίας και του κοινωνικού διαλόγου.",246,RespA,ΒΒ ΣΥΝΕΡΓΑΣ ΚΟΙΝΩΝ ΕΤΑΙΡ ΑΝΤΑΛΛΑΓ ΔΙΑΧΥΣ ΠΛΗΡΟΦΟΡΗΣ ΚΑΛ ΠΡΑΚΤ ΣΥΜΠΕΡΙΛΑΜΒΑΝΟΜΕΝ ΠΑΡΑΚΟΛΟΥΘΗΣ ΚΑΛ ΠΡΑΚΤ ΧΩΡ ΕΡΓΑΣ ΣΥΛΛΟΓ ΣΥΜΒΑΣ ΕΡΓΑΣ ΚΟΙΝΩΝ ΔΙΑΛΟΓΟΥ.,149,158,1547,106,0.711409396,Irrelevant,10,3,7,0
42,0,0,0,1,6,NoIdea,0,0,20080100017.pdf,0,0,10,4,0,4,0,0,Non-Org,0,0,0,0,1,0,0,"γγ) Η εναρμόνιση επαγγελματικών και οικογενειακών 
υποχρεώσεων και η βελτίωση της ποιότητας ζωής.",97,RespA,ΓΓ ΕΝΑΡΜΟΝΙΣ ΕΠΑΓΓΕΛΜΑΤ ΟΙΚΟΓΕΝΕΙΑΚ ΥΠΟΧΡΕΩΣ ΒΕΛΤΙΩΣ ΠΟΙΟΤΗΤ ΖΩΗΣ.,66,42,352,33,0.5,Irrelevant,4,0,4,0
43,0,0,0,1,6,NoIdea,0,0,20080100017.pdf,0,0,7,6,0,6,0,0,Non-Org,0,0,0,0,1,0,0,"δδ) Η εισήγηση και προώθηση μέτρων για την εφαρμογή της αρχής ίσης μεταχείρισης ανδρών και γυναικών 
σε ζητήματα κοινωνικής ασφάλισης.",134,RespA,ΔΔ ΕΙΣΗΓΗΣ ΠΡΟΩΘΗΣ ΜΕΤΡ ΕΦΑΡΜΟΓ ΑΡΧ ΙΣ ΜΕΤΑΧΕΙΡΙΣ ΑΝΔΡ ΓΥΝΑΙΚ ΖΗΤΗΜ ΚΟΙΝΩΝ ΑΣΦΑΛΙΣΗΣ.,85,98,567,33,0.3882352941,Irrelevant,6,0,6,0
44,0,0,0,1,6,NoIdea,0,0,20080100017.pdf,0,2,14,2,1,1,0,0,Non-Org,0,0,0,0,1,0,0,β) Τμήμα Κοινωνικής Προστασίας και Υγείας:,42,Non-RespA,Β ΤΜΗΜ ΚΟΙΝΩΝ ΠΡΟΣΤΑΣ ΥΓΕΙ,26,12,68,18,0.6923076923,Irrelevant,2,1,1,3
45,0,0,0,1,6,NoIdea,0,0,20080100017.pdf,0,0,7,6,0,6,0,0,Non-Org,0,0,0,0,1,0,0,"αα) Η εισήγηση και προώθηση μέτρων για την εφαρμογή της αρχής ίσης μεταχείρισης ανδρών και γυναικών 
σε ζητήματα κοινωνικής προστασίας.",135,RespA,ΑΑ ΕΙΣΗΓΗΣ ΠΡΟΩΘΗΣ ΜΕΤΡ ΕΦΑΡΜΟΓ ΑΡΧ ΙΣ ΜΕΤΑΧΕΙΡΙΣ ΑΝΔΡ ΓΥΝΑΙΚ ΖΗΤΗΜ ΚΟΙΝΩΝ ΠΡΟΣΤΑΣΙΑΣ.,86,98,567,33,0.3837209302,Irrelevant,6,0,6,0
46,0,0,0,1,6,NoIdea,0,0,20080100017.pdf,0,0,11,10,0,10,0,0,Non-Org,0,0,0,0,1,0,0,"ββ) Η επεξεργασία και προώθηση μέτρων για την αντιμετώπιση διακρίσεων λόγω φύλου, που αντιμετωπίζουν 
άτομα που ανήκουν σε ευπαθείς κοινωνικές ομάδες 
(μετανάστες, πρόσφυγες, αρχηγοί μονογονεϊκών οικογενειών κ.λπ.) με στόχο την κοινωνική ένταξη τους και 
την κοινωνική συνοχή.",276,RespA,ΒΒ ΕΠΕΞΕΡΓΑΣ ΠΡΟΩΘΗΣ ΜΕΤΡ ΑΝΤΙΜΕΤΩΠΙΣ ΔΙΑΚΡΙΣ ΦΥΛ ΑΝΤΙΜΕΤΩΠΙΖ ΑΤΟΜ ΑΝΗΚ ΕΥΠΑΘ ΚΟΙΝΩΝ ΟΜΑΔ ΜΕΤΑΝΑΣΤ ΠΡΟΣΦΥΓ ΑΡΧΗΓ ΜΟΝΟΓΟΝΕΙΚ ΟΙΚΟΓΕΝΕΙ Κ.ΛΠ. ΣΤΟΧ ΚΟΙΝΩΝ ΕΝΤΑΞ ΚΟΙΝΩΝ ΣΥΝΟΧΗ.,172,162,1032,61,0.3546511628,Irrelevant,10,0,10,0
47,0,0,0,1,6,NoIdea,0,0,20080100017.pdf,0,0,8,6,0,6,0,0,Non-Org,0,0,0,0,1,0,0,"αα) Η εισήγηση και η προώθηση μέτρων για την εξάλειψη κάθε μορφής βίας λόγω φύλου (σωματικής, σεξουαλικής, ψυχολογικής), σε συνεργασία και με άλλους 
φορείς.",157,RespA,ΑΑ ΕΙΣΗΓΗΣ ΠΡΟΩΘΗΣ ΜΕΤΡ ΕΞΑΛΕΙΨ ΜΟΡΦ ΒΙ ΦΥΛ ΣΩΜΑΤ ΣΕΞΟΥΑΛ ΨΥΧΟΛΟΓ ΣΥΝΕΡΓΑΣ ΦΟΡΕΙΣ.,82,154,1047,35,0.4268292683,RespA,6,0,6,0
48,0,0,0,1,6,NoIdea,0,0,20080100017.pdf,0,0,12,4,1,3,0,0,Non-Org,0,0,0,0,1,0,0,"ββ) Η παρακολούθηση μελετών και ερευνών σε θέματα 
πρόληψης και αντιμετώπισης της βίας.",87,RespA,ΒΒ ΠΑΡΑΚΟΛΟΥΘΗΣ ΜΕΛΕΤ ΕΡΕΥΝ ΘΕΜ ΠΡΟΛΗΨ ΑΝΤΙΜΕΤΩΠΙΣ ΒΙΑΣ.,56,74,862,40,0.7142857143,RespA,4,1,3,0
49,0,0,0,1,6,NoIdea,0,0,20080100017.pdf,0,0,14,4,0,4,0,0,Non-Org,0,0,0,0,1,0,0,"γγ) Η ευαισθητοποίηση της κοινωνίας σε θέματα βίας 
και εμπορίας ανθρώπων (παράνομη διακίνηση).",95,RespA,ΓΓ ΕΥΑΙΣΘΗΤΟΠΟΙΗΣ ΚΟΙΝΩΝ ΘΕΜ ΒΙ ΕΜΠΟΡ ΑΝΘΡΩΠ ΠΑΡΑΝΟΜ ΔΙΑΚΙΝΗΣ .,63,43,299,34,0.5396825397,RespA,4,0,4,0
50,0,0,0,1,6,NoIdea,0,0,20080100017.pdf,0,4,13,4,1,3,0,2,Non-Org,13,0,0,0,1,0,0,"δ) Οι αρμοδιότητες των Συμβουλευτικών Κέντρων, που 
λειτουργούν σε επίπεδο Γραφείου, υπαγόμενα απευθείας στη Διεύθυνση Εργασιακών σχέσεων και Κοινωνικής 
Πολιτικής, είναι:",171,RespA,Δ ΑΡΜΟΔΙΟΤΗΤ ΣΥΜΒΟΥΛΕΥΤ ΚΕΝΤΡ ΛΕΙΤΟΥΡΓ ΕΠΙΠΕΔ ΓΡΑΦΕΙ ΥΠΑΓΟΜΕΝ ΑΠΕΥΘΕΙ ΔΙΕΥΘΥΝΣ ΕΡΓΑΣΙΑΚ ΣΧΕΣ ΚΟΙΝΩΝ ΠΟΛΙΤ,105,26,182,35,0.3333333333,RespA,4,1,3,7
51,0,0,0,1,6,NoIdea,0,0,20080100017.pdf,0,0,6,1,0,1,0,0,Non-Org,0,0,0,0,1,0,0,αα) Η ψυχο−κοινωνική στήριξη σε θύματα βίας.,44,RespA,ΑΑ ΨΥΧ ΚΟΙΝΩΝ ΣΤΗΡΙΞ ΘΥΜ ΒΙΑΣ.,30,4,24,6,0.2,RespA,1,0,1,0
52,0,0,0,1,6,NoIdea,0,0,20080100017.pdf,0,0,10,3,0,3,0,1,Non-Org,5,0,0,0,1,0,0,ββ) Η παροχή νομικής πληροφόρησης και συμβουλευτικής σε θέματα ισότητας.,72,RespA,ΒΒ ΠΑΡΟΧ ΝΟΜ ΠΛΗΡΟΦΟΡΗΣ ΣΥΜΒΟΥΛΕΥΤ ΘΕΜ ΙΣΟΤΗΤΑΣ.,48,47,290,25,0.5208333333,RespA,3,0,3,0
53,0,0,0,1,6,NoIdea,0,0,20080100017.pdf,0,0,10,4,1,3,0,0,Non-Org,0,0,0,0,1,0,0,γγ) Η πληροφόρηση των πολιτών σε θέματα απασχόλησης και εργασιακών σχέσεων.,75,RespA,ΓΓ ΠΛΗΡΟΦΟΡΗΣ ΠΟΛΙΤ ΘΕΜ ΑΠΑΣΧΟΛΗΣ ΕΡΓΑΣΙΑΚ ΣΧΕΣΕΩΝ.,51,15,141,36,0.7058823529,RespA,4,1,3,0
54,0,0,0,1,6,NoIdea,0,0,20080100017.pdf,0,7,12,3,1,2,0,1,Non-Org,5,0,0,0,1,0,0,"δδ) Η συνεργασία με φορείς, που διαθέτουν Συμβουλευτικά Κέντρα και ξενώνες φιλοξενίας θυμάτων βίας 
σε όλη τη χώρα.",115,RespA,ΔΔ ΣΥΝΕΡΓΑΣ ΦΟΡ ΔΙΑΘΕΤ ΣΥΜΒΟΥΛΕΥΤ ΚΕΝΤΡ ΞΕΝΩΝ ΦΙΛΟΞΕΝ ΘΥΜ ΒΙ ΧΩΡΑ.,66,7,66,28,0.4242424242,RespA,3,1,2,2
55,0,0,0,1,6,NoIdea,0,0,20080100017.pdf,0,10,17,6,4,2,0,1,Non-Org,5,0,0,0,1,0,0,"εε) Η καταγραφή και επεξεργασία στοιχείων, σε συνεργασία με το Τμήμα Τεκμηρίωσης, με βάση τα περιστατικά που αντιμετωπίζουν τα Συμβουλευτικά Κέντρα 
και την εμπειρία τους.",171,RespA,ΕΕ ΚΑΤΑΓΡΑΦ ΕΠΕΞΕΡΓΑΣ ΣΤΟΙΧΕΙ ΣΥΝΕΡΓΑΣ ΤΜΗΜ ΤΕΚΜΗΡΙΩΣ ΒΑΣ ΠΕΡΙΣΤΑΤ ΑΝΤΙΜΕΤΩΠΙΖ ΣΥΜΒΟΥΛΕΥΤ ΚΕΝΤΡ ΕΜΠΕΙΡ ΤΟΥΣ.,108,42,474,78,0.7222222222,RespA,6,4,2,4
56,0,0,0,0,7,NoIdea,1,0,20080100017.pdf,0,2,10,2,0,2,0,0,Org,0,0,0,0,0,1,0,2. Η Διεύθυνση Τεκμηρίωσης και Πληροφόρησης συγκροτείται από τα εξής τρία (3) Τμήματα:,86,Non-RespA,2. ΔΙΕΥΘΥΝΣ ΤΕΚΜΗΡΙΩΣ ΠΛΗΡΟΦΟΡΗΣ ΣΥΓΚΡΟΤΕΙΤΑ ΤΡ 3 ΤΜΗΜ,54,24,224,19,0.3518518519,Org,2,0,2,4
57,0,0,0,1,7,NoIdea,0,0,20080100017.pdf,0,0,0,0,0,0,0,0,Non-Org,0,0,0,0,1,0,0,β) Πληροφόρησης.,16,Non-RespA,Β ΠΛΗΡΟΦΟΡΗΣΗΣ.,15,0,0,0,0,Irrelevant,0,0,0,0
58,0,0,0,1,7,NoIdea,0,0,20080100017.pdf,0,0,0,0,0,0,0,0,Non-Org,0,0,0,0,1,0,0,γ) Βιβλιοθήκης.,15,Non-RespA,Γ ΒΙΒΛΙΟΘΗΚΗΣ.,14,0,0,0,0,Irrelevant,0,0,0,0
59,0,0,0,1,7,NoIdea,0,0,20080100017.pdf,0,19,16,9,3,6,0,0,Non-Org,0,0,0,0,1,0,0,"αα) Η συγκέντρωση, καταγραφή, αξιολόγηση και επεξεργασία των στατιστικών και λοιπών στοιχείων, καθώς 
και πληροφοριών, που αφορούν σε θέματα Ισότητας.",150,RespA,ΑΑ ΣΥΓΚΕΝΤΡΩΣ ΚΑΤΑΓΡΑΦ ΑΞΙΟΛΟΓΗΣ ΕΠΕΞΕΡΓΑΣ ΣΤΑΤΙΣΤ ΛΟΙΠ ΣΤΟΙΧΕΙ ΠΛΗΡΟΦΟΡ ΑΦΟΡ ΘΕΜ ΙΣΟΤΗΤΑΣ.,91,164,1335,84,0.9230769231,RespA,9,3,6,1
60,0,0,0,1,7,NoIdea,0,0,20080100017.pdf,0,6,16,4,1,3,0,1,Non-Org,9,0,0,0,1,0,0,ββ) Η ενημέρωση και διαχείριση της Τράπεζας Πληροφοριών της Γενικής Γραμματείας Ισότητας των Φύλων.,99,RespA,ΒΒ ΕΝΗΜΕΡΩΣ ΔΙΑΧΕΙΡΙΣ ΤΡΑΠΕΖ ΠΛΗΡΟΦΟΡ ΓΕΝΙΚ ΓΡΑΜΜΑΤΕΙ ΙΣΟΤΗΤ ΦΥΛΩΝ.,67,88,734,38,0.5671641791,RespA,4,1,3,6
61,0,0,0,1,7,NoIdea,0,0,20080100017.pdf,0,9,11,6,1,5,0,1,Non-Org,7,0,0,0,1,0,0,"γγ) Η επιστημονική και εν γένει τεχνική στήριξη της 
“Εθνικής Επιτροπής για την Ισότητα μεταξύ γυναικών 
και ανδρών”, σε συνεργασία με το Κ.Ε.Θ.Ι., όπου αυτό 
απαιτείται.",170,RespA,ΓΓ ΕΠΙΣΤΗΜΟΝ ΓΕΝ ΤΕΧΝΙΚ ΣΤΗΡΙΞ ΕΘΝ ΕΠΙΤΡΟΠ ΙΣΟΤΗΤ ΓΥΝΑΙΚ ΑΝΔΡ ΣΥΝΕΡΓΑΣ Κ.Ε.Θ.Ι. ΑΠΑΙΤΕΙΤΑΙ.,91,128,953,46,0.5054945055,RespA,6,1,5,4
62,0,0,0,1,7,NoIdea,0,0,20080100017.pdf,0,7,12,2,1,1,0,0,Non-Org,0,0,0,0,1,0,0,δδ) Η συνεργασία με φορείς και υπηρεσίες Τεκμηρίωσης για θέματα Ισότητας.,73,RespA,ΔΔ ΣΥΝΕΡΓΑΣ ΦΟΡ ΥΠΗΡΕΣ ΤΕΚΜΗΡΙΩΣ ΘΕΜ ΙΣΟΤΗΤΑΣ.,46,18,168,21,0.4565217391,RespA,2,1,1,2
63,0,0,0,1,7,NoIdea,0,0,20080100017.pdf,0,5,10,4,0,4,0,0,Non-Org,0,0,0,0,1,0,0,"εε) Η συνεργασία με το Κ.Ε.Θ.Ι. για την συγκέντρωση, 
αξιολόγηση και διάχυση στοιχείων τεκμηρίωσης.",99,RespA,ΕΕ ΣΥΝΕΡΓΑΣ Κ.Ε.Θ.Ι. ΣΥΓΚΕΝΤΡΩΣ ΑΞΙΟΛΟΓΗΣ ΔΙΑΧΥΣ ΣΤΟΙΧΕΙ ΤΕΚΜΗΡΙΩΣΗΣ.,69,128,1085,33,0.4782608696,RespA,4,0,4,1
64,0,0,0,1,7,NoIdea,0,0,20080100017.pdf,0,2,10,1,0,1,0,0,Non-Org,0,0,0,0,1,0,0,β) Τμήμα Πληροφόρησης:,22,Non-RespA,Β ΤΜΗΜ ΠΛΗΡΟΦΟΡΗΣ,17,8,80,10,0.5882352941,RespA,1,0,1,1
65,0,0,0,1,7,NoIdea,0,0,20080100017.pdf,0,11,14,10,4,6,0,0,Non-Org,0,0,0,0,1,0,0,"αα) Ο συντονισμός, σε συνεργασία με τους αρμόδιους φορείς και το Γραφείο Επικοινωνίας και Δημοσίων 
Σχέσεων, του έργου της ενημέρωσης, πληροφόρησης 
και ευαισθητοποίησης των πολιτών και φορέων σε θέματα ισότητας.",212,RespA,ΑΑ ΣΥΝΤΟΝΙΣΜ ΣΥΝΕΡΓΑΣ ΑΡΜΟΔ ΦΟΡ ΓΡΑΦΕΙ ΕΠΙΚΟΙΝΩΝ ΔΗΜΟΣ ΣΧΕΣ ΕΡΓ ΕΝΗΜΕΡΩΣ ΠΛΗΡΟΦΟΡΗΣ ΕΥΑΙΣΘΗΤΟΠΟΙΗΣ ΠΟΛΙΤ ΦΟΡ ΘΕΜ ΙΣΟΤΗΤΑΣ.,122,114,1054,95,0.7786885246,RespA,10,4,6,4
66,0,0,0,1,7,NoIdea,0,0,20080100017.pdf,0,18,16,9,4,5,0,1,Non-Org,5,0,0,0,1,0,0,"ββ) Η επιμέλεια για την έκδοση ενημερωτικών βιβλίων, 
περιοδικών, ενημερωτικών φυλλαδίων, οπτικού δίσκου 
(cd rom) και ανακοινώσεων της Γενικής Γραμματείας 
Ισότητας των Φύλων σε συνεργασία με το Τμήμα Επικοινωνίας και Δημοσίων Σχέσεων.",236,RespA,ΒΒ ΕΠΙΜΕΛΕΙ ΕΚΔΟΣ ΕΝΗΜΕΡΩΤ ΒΙΒΛΙ ΠΕΡΙΟΔ ΕΝΗΜΕΡΩΤ ΦΥΛΛΑΔ ΟΠΤΙΚ ΔΙΣΚ CD ROM ΑΝΑΚΟΙΝΩΣ ΓΕΝΙΚ ΓΡΑΜΜΑΤΕΙ ΙΣΟΤΗΤ ΦΥΛ ΣΥΝΕΡΓΑΣ ΤΜΗΜ ΕΠΙΚΟΙΝΩΝ ΔΗΜΟΣ ΣΧΕΣΕΩΝ.,149,55,529,89,0.5973154362,RespA,8,4,4,8
67,0,0,0,1,7,NoIdea,0,0,20080100017.pdf,0,9,16,5,3,2,0,0,Non-Org,0,0,0,0,1,0,0,"γγ) Η ενημέρωση και ο εμπλουτισμός της ιστοσελίδας 
της Γενικής Γραμματείας Ισότητας των Φύλων, σε συνεργασία με τις οργανικές μονάδες της Γ.Γ.Ι.Φ.",147,RespA,ΓΓ ΕΝΗΜΕΡΩΣ ΕΜΠΛΟΥΤΙΣΜ ΙΣΤΟΣΕΛΙΔ ΓΕΝΙΚ ΓΡΑΜΜΑΤΕΙ ΙΣΟΤΗΤ ΦΥΛ ΣΥΝΕΡΓΑΣ ΟΡΓΑΝ ΜΟΝΑΔ Γ.Γ.Ι.Φ.,89,126,1088,53,0.595505618,RespA,5,3,2,5
68,0,0,0,1,7,NoIdea,0,0,20080100017.pdf,0,31,16,10,2,8,0,1,Non-Org,5,0,0,0,1,0,0,"δδ) Η μέριμνα για τη διάχυση ενημερωτικού υλικού, 
σε κάθε περίπτωση εκδηλώσεων και συναντήσεων αναφορικά με θέματα ισότητας, καθώς και η παροχή προς 
κάθε ενδιαφερόμενο σχετικής πληροφόρησης για το 
έργο της Γενικής Γραμματείας Ισότητας των Φύλων.",248,RespA,ΔΔ ΜΕΡΙΜΝ ΔΙΑΧΥΣ ΕΝΗΜΕΡΩΤ ΥΛ ΠΕΡΙΠΤΩΣ ΕΚΔΗΛΩΣ ΣΥΝΑΝΤΗΣ ΑΝΑΦΟΡ ΘΕΜ ΙΣΟΤΗΤ ΠΑΡΟΧ ΕΝΔΙΑΦΕΡΟΜΕΝ ΣΧΕΤ ΠΛΗΡΟΦΟΡΗΣ ΕΡΓ ΓΕΝΙΚ ΓΡΑΜΜΑΤΕΙ ΙΣΟΤΗΤ ΦΥΛΩΝ.,141,150,1041,86,0.609929078,RespA,10,2,8,4
69,0,0,0,1,7,NoIdea,0,0,20080100017.pdf,0,2,9,1,0,1,0,0,Non-Org,0,0,0,0,1,0,0,γ) Τμήμα Βιβλιοθήκης:,21,Non-RespA,Γ ΤΜΗΜ ΒΙΒΛΙΟΘΗΚ,16,5,45,9,0.5625,RespA,1,0,1,1
70,0,0,0,1,7,NoIdea,0,0,20080100017.pdf,0,11,9,6,0,6,0,0,Non-Org,0,0,0,0,1,0,0,"αα) Η βιβλιοθηκονομική επεξεργασία του υλικού, η 
οποία περιλαμβάνει καταγραφή στο Βιβλίο Εισήγησης 
και σφράγισμα των ντοκουμέντων, καταλογογράφηση, 
ταξινόμηση, καταχώριση των στοιχείων των ντοκουμέντων στον Η/Υ και η ταξιθέτηση τους.",236,RespA,ΑΑ ΒΙΒΛΙΟΘΗΚΟΝΟΜ ΕΠΕΞΕΡΓΑΣ ΥΛ ΠΕΡΙΛΑΜΒΑΝ ΚΑΤΑΓΡΑΦ ΒΙΒΛΙ ΕΙΣΗΓΗΣ ΣΦΡΑΓΙΣΜ ΝΤΟΚΟΥΜΕΝΤ ΚΑΤΑΛΟΓΟΓΡΑΦΗΣ ΤΑΞΙΝΟΜΗΣ ΚΑΤΑΧΩΡΙΣ ΣΤΟΙΧΕΙ ΝΤΟΚΟΥΜΕΝΤ Υ ΤΑΞΙΘΕΤΗΣ ΤΟΥΣ.,155,107,856,47,0.3032258065,RespA,6,0,6,4
71,0,0,0,1,7,NoIdea,0,0,20080100017.pdf,0,0,11,7,0,7,0,0,Non-Org,0,0,0,0,1,0,0,"ββ) Ο συνεχής εμπλουτισμός της συλλογής της με 
την επιλογή και κατάρτιση καταλόγου προτεινόμενου 
προς αγορά υλικού.",117,RespA,ΒΒ ΣΥΝΕΧ ΕΜΠΛΟΥΤΙΣΜ ΣΥΛΛΟΓ ΕΠΙΛΟΓ ΚΑΤΑΡΤΙΣ ΚΑΤΑΛΟΓ ΠΡΟΤΕΙΝΟΜΕΝ ΑΓΟΡ ΥΛΙΚΟΥ.,75,92,620,47,0.6266666667,RespA,7,0,7,0
72,0,0,0,1,7,NoIdea,0,0,20080100017.pdf,0,9,10,5,0,5,0,0,Non-Org,0,0,0,0,1,0,0,"γγ) Η υποστήριξη του εκπαιδευτικού και ερευνητικού 
έργου της Γ.Γ.Ι.Φ. καθώς και του Υπουργείου Εσωτερικών γενικότερα και η κάλυψη των αναγκών πληροφόρησής τους.",161,RespA,ΓΓ ΥΠΟΣΤΗΡΙΞ ΕΚΠΑΙΔΕΥΤ ΕΡΕΥΝΗΤ ΕΡΓ Γ.Γ.Ι.Φ. ΥΠΟΥΡΓΕΙ ΕΣΩΤΕΡ ΓΕΝΙΚ ΚΑΛΥΨ ΑΝΑΓΚ ΠΛΗΡΟΦΟΡΗΣ ΤΟΥΣ.,94,101,879,40,0.4255319149,RespA,5,0,5,3
73,0,0,0,1,7,NoIdea,0,0,20080100017.pdf,0,0,15,4,1,3,0,2,Non-Org,12,0,0,0,1,0,0,"δδ) Η εξυπηρέτηση του κοινού μέσα στο χώρο της 
βιβλιοθήκης, καθώς και η μέριμνα για την εύρυθμη λειτουργία του δανεισμού.",122,RespA,ΔΔ ΕΞΥΠΗΡΕΤΗΣ ΚΟΙΝ ΧΩΡ ΒΙΒΛΙΟΘΗΚ ΜΕΡΙΜΝ ΕΥΡΥΘΜ ΛΕΙΤΟΥΡΓ ΔΑΝΕΙΣΜΟΥ.,66,66,445,40,0.6060606061,RespA,4,1,3,0
74,0,0,0,1,7,NoIdea,0,0,20080100017.pdf,0,0,10,4,0,4,0,0,Non-Org,0,0,0,0,1,0,0,"εε) Η εξυπηρέτηση απομακρυσμένων χρηστών με αποστολή βιβλιογραφιών και πληροφοριών μέσω τηλεομοιοτυπίας, ηλεκτρονικού ή κανονικού ταχυδρομείου.",143,RespA,ΕΕ ΕΞΥΠΗΡΕΤΗΣ ΑΠΟΜΑΚΡΥΣΜΕΝ ΧΡΗΣΤ ΑΠΟΣΤΟΛ ΒΙΒΛΙΟΓΡΑΦ ΠΛΗΡΟΦΟΡ ΜΕΣ ΤΗΛΕΟΜΟΙΟΤΥΠ ΗΛΕΚΤΡΟΝ ΚΑΝΟΝ ΤΑΧΥΔΡΟΜΕΙΟΥ.,106,57,438,30,0.2830188679,RespA,4,0,4,0
75,0,0,0,1,7,NoIdea,0,0,20080100017.pdf,0,0,10,4,0,4,0,0,Non-Org,0,0,0,0,1,0,0,"ηη) Η επιλεκτική αποδελτίωση των επιστημονικών 
περιοδικών της συλλογής της βιβλιοθήκης.",88,RespA,ΗΗ ΕΠΙΛΕΚΤ ΑΠΟΔΕΛΤΙΩΣ ΕΠΙΣΤΗΜΟΝ ΠΕΡΙΟΔ ΣΥΛΛΟΓ ΒΙΒΛΙΟΘΗΚΗΣ.,58,47,317,31,0.5344827586,RespA,4,0,4,0
76,0,0,0,1,7,NoIdea,0,0,20080100017.pdf,0,0,11,3,0,3,0,0,Non-Org,0,0,0,0,1,0,0,θθ) Η αποδοχή δωρεάν υλικού σχετικού με τα ενδιαφέροντα και τους στόχους της βιβλιοθήκης.,89,RespA,ΘΘ ΑΠΟΔΟΧ ΔΩΡΕ ΥΛ ΣΧΕΤ ΕΝΔΙΑΦΕΡΟΝΤ ΣΤΟΧ ΒΙΒΛΙΟΘΗΚΗΣ.,52,34,196,21,0.4038461538,RespA,3,0,3,0
77,0,0,0,1,7,NoIdea,0,0,20080100017.pdf,0,8,12,6,2,4,0,1,Non-Org,8,0,0,0,1,0,0,"ιι) Η μέριμνα για την καλή λειτουργία του Ιστορικού 
Αρχείου και η συντήρηση και αξιοποίηση του αρχειακού 
υλικού.",114,RespA,ΙΙ ΜΕΡΙΜΝ ΚΑΛ ΛΕΙΤΟΥΡΓ ΙΣΤΟΡ ΑΡΧΕΙ ΣΥΝΤΗΡΗΣ ΑΞΙΟΠΟΙΗΣ ΑΡΧΕΙΑΚ ΥΛΙΚΟΥ.,69,117,872,53,0.768115942,RespA,6,2,4,2
78,0,0,0,0,7,NoIdea,0,0,20080100017.pdf,0,2,14,5,2,3,0,0,Non-Org,0,0,0,0,0,0,0,"ιβιβ) Η συνεργασία και η ηλεκτρονική διασύνδεση με 
τις Βιβλιοθήκες άλλων φορέων σε εθνικό ή ευρωπαϊκό 
και διεθνές επίπεδο.",124,RespA,ΙΒΙΒ ΣΥΝΕΡΓΑΣ ΗΛΕΚΤΡΟΝ ΔΙΑΣΥΝΔΕΣ ΒΙΒΛΙΟΘΗΚ ΦΟΡ ΕΘΝ ΕΥΡΩΠΑΙΚ ΔΙΕΘΝ ΕΠΙΠΕΔΟ.,74,82,688,52,0.7027027027,RespA,5,2,3,2
79,0,0,0,0,7,NoIdea,0,0,20080100017.pdf,0,2,17,4,1,3,0,2,Non-Org,13,0,0,0,0,0,0,"ιγιγ) Η σύνταξη και η προετοιμασία για την έκδοση 
από τον Γενικό Γραμματέα Ισότητας απόφασης για τον 
Κανονισμό λειτουργίας της Βιβλιοθήκης.",141,RespA,ΙΓΙΓ ΣΥΝΤΑΞ ΠΡΟΕΤΟΙΜΑΣ ΕΚΔΟΣ ΓΕΝΙΚ ΓΡΑΜΜΑΤ ΙΣΟΤΗΤ ΑΠΟΦΑΣ ΚΑΝΟΝΙΣΜ ΛΕΙΤΟΥΡΓ ΒΙΒΛΙΟΘΗΚΗΣ.,87,57,403,39,0.4482758621,RespA,4,1,3,6
80,0,0,0,0,7,NoIdea,0,0,20080100017.pdf,0,2,6,1,0,1,0,2,Non-Org,13,0,0,0,0,0,0,"ιδιδ) Η έκδοση εσωτερικών πράξεων ή εγκυκλίων που 
συντελούν στην ορθή λειτουργία της βιβλιοθήκης.",98,RespA,ΙΔΙΔ ΕΚΔΟΣ ΕΣΩΤΕΡ ΠΡΑΞ ΕΓΚΥΚΛ ΣΥΝΤΕΛ ΟΡΘ ΛΕΙΤΟΥΡΓ ΒΙΒΛΙΟΘΗΚΗΣ.,62,5,30,6,0.09677419355,RespA,1,0,1,1
81,0,0,0,0,8,NoIdea,0,0,20080100017.pdf,0,2,19,17,9,8,0,2,Non-Org,15,0,0,0,0,0,0,"Διεύθυνση Ευρωπαϊκής Πολιτικής και 
Διεθνούς Συνεργασίας
1. Η Διεύθυνση Ευρωπαϊκής Πολιτικής και Διεθνούς 
Συνεργασίας έχει ως αρμοδιότητα την προώθηση της 
συνεργασίας της Γενικής Γραμματείας Ισότητας των 
Φύλων με την Ευρωπαϊκή Επιτροπή, τους Διεθνείς 
Οργανισμούς και αντίστοιχους φορείς άλλων χωρών 
στον τομέα της Ισότητας, την ανάπτυξη των διμερών 
σχέσεων συνεργασίας, καθώς και την παρακολούθηση των πολιτικών ισότητας λόγω φύλου σε ευρωπαϊκό 
και διεθνές επίπεδο. Επίσης συντονίζει το έργο των 
διαφόρων δημόσιων υπηρεσιών, που ασχολούνται με 
τα θέματα αρμοδιότητας της Διεύθυνσης αυτής και 
συνεργάζεται για τη διάχυση πληροφόρησης σε όλες 
τις Διευθύνσεις, καθώς και με το Κ.Ε.Θ.Ι., στα πλαίσια 
των αρμοδιοτήτων του.",729,RespA,ΔΙΕΥΘΥΝΣ ΕΥΡΩΠΑΙΚ ΠΟΛΙΤ ΔΙΕΘΝ ΣΥΝΕΡΓΑΣ 1. ΔΙΕΥΘΥΝΣ ΕΥΡΩΠΑΙΚ ΠΟΛΙΤ ΔΙΕΘΝ ΣΥΝΕΡΓΑΣ ΑΡΜΟΔΙΟΤΗΤ ΠΡΟΩΘΗΣ ΣΥΝΕΡΓΑΣ ΓΕΝΙΚ ΓΡΑΜΜΑΤΕΙ ΙΣΟΤΗΤ ΦΥΛ ΕΥΡΩΠΑΙΚ ΕΠΙΤΡΟΠ ΔΙΕΘΝ ΟΡΓΑΝΙΣΜ ΑΝΤΙΣΤΟΙΧ ΦΟΡ ΧΩΡ ΤΟΜ ΙΣΟΤΗΤ ΑΝΑΠΤΥΞ ΔΙΜΕΡ ΣΧΕΣ ΣΥΝΕΡΓΑΣ ΠΑΡΑΚΟΛΟΥΘΗΣ ΠΟΛΙΤ ΙΣΟΤΗΤ ΦΥΛ ΕΥΡΩΠΑΙΚ ΔΙΕΘΝ ΕΠΙΠΕΔΟ. ΣΥΝΤΟΝΙΖ ΕΡΓ ΔΙΑΦΟΡ ΔΗΜΟΣ ΥΠΗΡΕΣ ΑΣΧΟΛ ΘΕΜ ΑΡΜΟΔΙΟΤΗΤ ΔΙΕΥΘΥΝΣ ΣΥΝΕΡΓΑΖ ΔΙΑΧΥΣ ΠΛΗΡΟΦΟΡΗΣ ΔΙΕΥΘΥΝΣ Κ.Ε.Θ.Ι. ΠΛΑΙΣΙ ΑΡΜΟΔΙΟΤΗΤ ΤΟΥ.,409,127,1412,195,0.4767726161,RespA,16,8,8,23
82,0,0,0,1,8,NoIdea,0,0,20080100017.pdf,0,2,8,1,0,1,0,0,Non-Org,0,0,0,0,1,0,0,β) Τμήμα Διεθνούς Συνεργασίας και Διεθνών Οργανισμών.,53,Non-RespA,Β ΤΜΗΜ ΔΙΕΘΝ ΣΥΝΕΡΓΑΣ ΔΙΕΘΝ ΟΡΓΑΝΙΣΜΩΝ.,39,69,552,8,0.2051282051,Irrelevant,1,0,1,4
83,0,0,0,1,8,NoIdea,0,0,20080100017.pdf,0,11,13,6,3,3,0,0,Non-Org,0,0,0,0,1,0,0,"αα) Η παρακολούθηση των προγραμμάτων και δράσεων ισότητας των φύλων της Ευρωπαϊκής Ένωσης, 
του Συμβουλίου της Ευρώπης και άλλων Ευρωπαϊκών 
θεσμικών Οργάνων.",158,RespA,ΑΑ ΠΑΡΑΚΟΛΟΥΘΗΣ ΠΡΟΓΡΑΜΜ ΔΡΑΣ ΙΣΟΤΗΤ ΦΥΛ ΕΥΡΩΠΑΙΚ ΕΝΩΣ ΣΥΜΒΟΥΛ ΕΥΡΩΠ ΕΥΡΩΠΑΙΚ ΘΕΣΜ ΟΡΓΑΝΩΝ.,91,94,1008,57,0.6263736264,Irrelevant,6,3,3,6
84,0,0,0,1,8,NoIdea,0,0,20080100017.pdf,0,12,13,3,1,2,0,0,Non-Org,0,0,0,0,1,0,0,"ββ) Η προώθηση και ανάπτυξη των σχέσεων της χώρας 
στον τομέα της Ισότητας με τα Όργανα της Ευρωπαϊκής 
Ένωσης και Φορείς των Κρατών Μελών της Ε.Ε.",147,RespA,ΒΒ ΠΡΟΩΘΗΣ ΑΝΑΠΤΥΞ ΣΧΕΣ ΧΩΡ ΤΟΜ ΙΣΟΤΗΤ ΟΡΓΑΝ ΕΥΡΩΠΑΙΚ ΕΝΩΣ ΦΟΡ ΚΡΑΤ ΜΕΛ Ε.Ε.,76,43,351,26,0.3421052632,Irrelevant,3,1,2,8
85,0,0,0,1,8,NoIdea,0,0,20080100017.pdf,0,12,16,8,3,5,0,0,Non-Org,0,0,0,0,1,0,0,"γγ) Η συμμετοχή στην επεξεργασία και εφαρμογή 
συμβάσεων, αποφάσεων και μελετών της Ευρωπαϊκής 
Ένωσης και του Συμβουλίου της Ευρώπης σε θέματα που αφορούν στη Γενική Γραμματεία Ισότητας των 
Φύλων.",198,RespA,ΓΓ ΣΥΜΜΕΤΟΧ ΕΠΕΞΕΡΓΑΣ ΕΦΑΡΜΟΓ ΣΥΜΒΑΣ ΑΠΟΦΑΣ ΜΕΛΕΤ ΕΥΡΩΠΑΙΚ ΕΝΩΣ ΣΥΜΒΟΥΛ ΕΥΡΩΠ ΘΕΜ ΑΦΟΡ ΓΕΝΙΚ ΓΡΑΜΜΑΤΕΙ ΙΣΟΤΗΤ ΦΥΛΩΝ.,116,171,1303,70,0.6034482759,Irrelevant,8,3,5,8
86,0,0,0,1,8,NoIdea,0,0,20080100017.pdf,0,39,12,14,8,6,0,1,Non-Org,5,0,0,0,1,0,0,"δδ) Η εισήγηση των αναγκαίων μέτρων για την εναρμόνιση της ελληνικής νομοθεσίας σε θέματα ισότητας 
των φύλων με το ευρωπαϊκό δίκαιο και η παρακολούθηση της σύναψης και υλοποίησης συμφωνιών, σε συνεργασία με τις καθ’ ύλην αρμόδιες οργανικές μονάδες 
της Γ.Γ.Ι.Φ.",262,RespA,ΔΔ ΕΙΣΗΓΗΣ ΑΝΑΓΚΑΙ ΜΕΤΡ ΕΝΑΡΜΟΝΙΣ ΕΛΛΗΝ ΝΟΜΟΘΕΣ ΘΕΜ ΙΣΟΤΗΤ ΦΥΛ ΕΥΡΩΠΑΙΚ ΔΙΚΑΙ ΠΑΡΑΚΟΛΟΥΘΗΣ ΣΥΝΑΨ ΥΛΟΠΟΙΗΣ ΣΥΜΦΩΝ ΣΥΝΕΡΓΑΣ ΚΑΘ ΥΛΗΝ ΑΡΜΟΔ ΟΡΓΑΝ ΜΟΝΑΔ Γ.Γ.Ι.Φ.,157,178,1680,132,0.8407643312,Irrelevant,14,8,6,1
87,0,0,0,1,8,NoIdea,0,0,20080100017.pdf,0,11,16,16,2,14,0,2,Non-Org,15,0,0,0,1,0,0,"εε) Ο συντονισμός και προγραμματισμός για τη συμμετοχή και εκπροσώπηση της Γενικής Γραμματείας Ισότητας των Φύλων σε διασκέψεις, συνέδρια, επιτροπές, 
οργανισμούς κ.λπ. στο εξωτερικό για επίσημες επισκέψεις ή υπηρεσιακές αποστολές, καθώς και η μέριμνα για 
την αξιοποίηση των αποτελεσμάτων από συναντήσεις 
και συμμετοχές σε ευρωπαϊκό επίπεδο.",343,RespA,ΕΕ ΣΥΝΤΟΝΙΣΜ ΠΡΟΓΡΑΜΜΑΤΙΣΜ ΣΥΜΜΕΤΟΧ ΕΚΠΡΟΣΩΠΗΣ ΓΕΝΙΚ ΓΡΑΜΜΑΤΕΙ ΙΣΟΤΗΤ ΦΥΛ ΔΙΑΣΚΕΨ ΣΥΝΕΔΡ ΕΠΙΤΡΟΠ ΟΡΓΑΝΙΣΜ Κ.ΛΠ. ΕΞΩΤΕΡ ΕΠΙΣΗΜ ΕΠΙΣΚΕΨ ΥΠΗΡΕΣΙΑΚ ΑΠΟΣΤΟΛ ΜΕΡΙΜΝ ΑΞΙΟΠΟΙΗΣ ΑΠΟΤΕΛΕΣΜ ΣΥΝΑΝΤΗΣ ΣΥΜΜΕΤΟΧ ΕΥΡΩΠΑΙΚ ΕΠΙΠΕΔΟ.,214,213,1775,141,0.6588785047,Irrelevant,15,2,13,4
88,0,0,0,1,8,NoIdea,0,0,20080100017.pdf,0,2,8,2,0,2,0,1,Non-Org,8,0,0,0,1,0,0,β) Τμήμα Διεθνούς Συνεργασίας και Διεθνών Οργανισμών:,53,Non-RespA,Β ΤΜΗΜ ΔΙΕΘΝ ΣΥΝΕΡΓΑΣ ΔΙΕΘΝ ΟΡΓΑΝΙΣΜ,36,78,624,16,0.4444444444,Irrelevant,2,0,2,4
89,0,0,0,1,8,NoIdea,0,0,20080100017.pdf,0,9,16,8,3,5,0,3,Non-Org,21,0,0,0,1,0,0,"αα) Ο προγραμματισμός για τις αποστολές του προσωπικού της Γενικής Γραμματείας Ισότητας των Φύλων και την εκπροσώπηση της Υπηρεσίας σε διεθνείς 
διασκέψεις, συνέδρια, επιτροπές, οργανισμούς κ.λπ.",195,RespA,ΑΑ ΠΡΟΓΡΑΜΜΑΤΙΣΜ ΑΠΟΣΤΟΛ ΠΡΟΣΩΠ ΓΕΝΙΚ ΓΡΑΜΜΑΤΕΙ ΙΣΟΤΗΤ ΦΥΛ ΕΚΠΡΟΣΩΠΗΣ ΥΠΗΡΕΣ ΔΙΕΘΝ ΔΙΑΣΚΕΨ ΣΥΝΕΔΡ ΕΠΙΤΡΟΠ ΟΡΓΑΝΙΣΜ Κ.ΛΠ.,120,61,640,82,0.6833333333,Irrelevant,8,3,5,5
90,0,0,0,1,8,NoIdea,0,0,20080100017.pdf,0,4,8,3,0,3,0,1,Non-Org,8,0,0,0,1,0,0,"γγ) Η συνεργασία με Διεθνείς Οργανισμούς, γυναικείες 
συνδικαλιστικές Οργανώσεις και Γυναικείες Μ.Κ.Ο. της 
αλλοδαπής.",118,RespA,ΓΓ ΣΥΝΕΡΓΑΣ ΔΙΕΘΝ ΟΡΓΑΝΙΣΜ ΓΥΝΑΙΚΕΙ ΣΥΝΔΙΚΑΛΙΣΤ ΟΡΓΑΝΩΣ ΓΥΝΑΙΚΕΙ Μ.Κ.Ο. ΑΛΛΟΔΑΠΗΣ.,82,110,848,23,0.2804878049,RespA,3,0,3,5
91,0,0,0,1,8,NoIdea,0,0,20080100017.pdf,0,6,14,12,7,5,0,0,Non-Org,0,0,0,0,1,0,0,"δδ) Η συνεργασία με τις αρμόδιες Οργανικές Μονάδες 
της Υπηρεσίας για τον συντονισμό και την προώθηση 
εκθέσεων εφαρμογής Διεθνών Συμβάσεων, σχετικά με 
θέματα ισότητας των φύλων, που έχει κυρώσει η χώρα 
μας.",209,RespA,ΔΔ ΣΥΝΕΡΓΑΣ ΑΡΜΟΔ ΟΡΓΑΝ ΜΟΝΑΔ ΥΠΗΡΕΣ ΣΥΝΤΟΝΙΣΜ ΠΡΟΩΘΗΣ ΕΚΘΕΣ ΕΦΑΡΜΟΓ ΔΙΕΘΝ ΣΥΜΒΑΣ ΣΧΕΤ ΘΕΜ ΙΣΟΤΗΤ ΦΥΛ ΚΥΡΩΣ ΧΩΡ ΜΑΣ.,116,119,988,109,0.9396551724,RespA,12,7,5,5
92,0,0,0,0,9,NoIdea,0,0,20080100017.pdf,0,2,19,35,20,15,0,6,Non-Org,45,0,0,0,0,0,0,"Διεύθυνση Διοικητικού – Οικονομικού και Οργάνωσης
1. Η Διεύθυνση Διοικητικού Οικονομικού και Οργάνωσης έχει ως αρμοδιότητα την εύρυθμη διοικητική 
λειτουργία και οργάνωση των οργανικών μονάδων της 
Γ.Γ.Ι.Φ., στο πλαίσιο του εκσυγχρονισμού της Υπηρεσίας και την εφαρμογή των κανόνων της Ηλεκτρονικής Διακυβέρνησης. Η Διεύθυνση χειρίζεται τα θέματα 
υπηρεσιακής κατάστασης του προσωπικού, το οποίο 
υπηρετεί στη Γενική Γραμματεία Ισότητας των Φύλων 
με οποιαδήποτε σχέση εργασίας, καταρτίζει και εκτελεί 
τον τακτικό προϋπολογισμό, καθώς και τον προϋπολογισμό Δημοσίων Επενδύσεων της Γενικής Γραμματείας 
Ισότητας των Φύλων για τη διαχείριση των δαπανών, 
τη μισθοδοσία του προσωπικού, τη προμήθεια και διαχείριση των υλικών. Επίσης, η Διεύθυνση είναι αρμόδια 
για την έρευνα, μελέτη και εισαγωγή μέτρων βελτίωσης της αποδοτικότητας των Υπηρεσιών της Γ.Γ.Ι.Φ., τη 
διοικητική υποστήριξη της “Εθνικής Επιτροπής για την 
Ισότητα μεταξύ γυναικών και ανδρών”, και τη διοικητική 
εποπτεία του Κ.Ε.Θ.Ι.",994,RespA,ΔΙΕΥΘΥΝΣ ΔΙΟΙΚΗΤ ΟΙΚΟΝΟΜ ΟΡΓΑΝΩΣ 1. ΔΙΕΥΘΥΝΣ ΔΙΟΙΚΗΤ ΟΙΚΟΝΟΜ ΟΡΓΑΝΩΣ ΑΡΜΟΔΙΟΤΗΤ ΕΥΡΥΘΜ ΔΙΟΙΚΗΤ ΛΕΙΤΟΥΡΓ ΟΡΓΑΝΩΣ ΟΡΓΑΝ ΜΟΝΑΔ Γ.Γ.Ι.Φ. ΠΛΑΙΣΙ ΕΚΣΥΓΧΡΟΝΙΣΜ ΥΠΗΡΕΣ ΕΦΑΡΜΟΓ ΚΑΝΟΝ ΗΛΕΚΤΡΟΝ ΔΙΑΚΥΒΕΡΝΗΣΗΣ. ΔΙΕΥΘΥΝΣ ΧΕΙΡΙΖ ΘΕΜ ΥΠΗΡΕΣΙΑΚ ΚΑΤΑΣΤΑΣ ΠΡΟΣΩΠ ΥΠΗΡΕΤ ΓΕΝΙΚ ΓΡΑΜΜΑΤΕΙ ΙΣΟΤΗΤ ΦΥΛ ΟΠΟΙΑΔΗΠΟΤ ΣΧΕΣ ΕΡΓΑΣ ΚΑΤΑΡΤΙΖ ΕΚΤΕΛ ΤΑΚΤ ΠΡΟΥΠΟΛΟΓΙΣΜ ΠΡΟΥΠΟΛΟΓΙΣΜ ΔΗΜΟΣ ΕΠΕΝΔΥΣ ΓΕΝΙΚ ΓΡΑΜΜΑΤΕΙ ΙΣΟΤΗΤ ΦΥΛ ΔΙΑΧΕΙΡΙΣ ΔΑΠΑΝ ΜΙΣΘΟΔΟΣ ΠΡΟΣΩΠ ΠΡΟΜΗΘΕΙ ΔΙΑΧΕΙΡΙΣ ΥΛΙΚΩΝ. ΔΙΕΥΘΥΝΣ ΑΡΜΟΔ ΕΡΕΥΝ ΜΕΛΕΤ ΕΙΣΑΓΩΓ ΜΕΤΡ ΒΕΛΤΙΩΣ ΑΠΟΔΟΤΙΚΟΤΗΤ ΥΠΗΡΕΣ Γ.Γ.Ι.Φ. ΔΙΟΙΚΗΤ ΥΠΟΣΤΗΡΙΞ ΕΘΝ ΕΠΙΤΡΟΠ ΙΣΟΤΗΤ ΓΥΝΑΙΚ ΑΝΔΡ ΔΙΟΙΚΗΤ ΕΠΟΠΤΕΙ Κ.Ε.Θ.Ι.,596,306,2899,376,0.6308724832,RespA,30,17,13,32
93,0,0,0,1,9,NoIdea,0,0,20080100017.pdf,0,2,17,1,1,0,0,1,Non-Org,9,0,0,0,1,0,0,β) Τμήμα Οικονομικού και Διαχείρισης Υλικού.,44,Non-RespA,Β ΤΜΗΜ ΟΙΚΟΝΟΜ ΔΙΑΧΕΙΡΙΣ ΥΛΙΚΟΥ.,32,2,34,17,0.53125,Irrelevant,1,1,0,3
94,0,0,0,1,9,NoIdea,0,0,20080100017.pdf,0,2,8,2,0,2,0,0,Non-Org,0,0,0,0,1,0,0,γ) Τμήμα Πληροφορικής και Τεχνικής Υποστήριξης.,47,Non-RespA,Γ ΤΜΗΜ ΠΛΗΡΟΦΟΡ ΤΕΧΝΙΚ ΥΠΟΣΤΗΡΙΞΗΣ.,35,73,520,14,0.4,Irrelevant,2,0,2,3
95,0,0,0,1,9,NoIdea,0,0,20080100017.pdf,0,2,7,1,0,1,0,0,Non-Org,0,0,0,0,1,0,0,δ) Τμήμα Ποιότητας και Αποδοτικότητας.,38,Non-RespA,Δ ΤΜΗΜ ΠΟΙΟΤΗΤ ΑΠΟΔΟΤΙΚΟΤΗΤΑΣ.,30,13,91,7,0.2333333333,Irrelevant,1,0,1,2
96,0,0,0,1,9,NoIdea,0,0,20080100017.pdf,0,2,0,0,0,0,0,0,Non-Org,0,0,0,0,1,0,0,ε) Τμήμα Γραμματείας.,21,Non-RespA,Ε ΤΜΗΜ ΓΡΑΜΜΑΤΕΙΑΣ.,19,0,0,0,0,Irrelevant,0,0,0,1
97,0,0,0,1,9,NoIdea,0,0,20080100017.pdf,0,13,18,8,8,0,0,1,Non-Org,6,0,0,0,1,0,0,"αα) Ο χειρισμός όλων των θεμάτων υπηρεσιακής κατάστασης του προσωπικού, που υπηρετεί στην Γενική 
Γραμματεία Ισότητας των Φύλων, με οποιαδήποτε σχέση εργασίας.",159,RespA,ΑΑ ΧΕΙΡΙΣΜ ΘΕΜ ΥΠΗΡΕΣΙΑΚ ΚΑΤΑΣΤΑΣ ΠΡΟΣΩΠ ΥΠΗΡΕΤ ΓΕΝΙΚ ΓΡΑΜΜΑΤΕΙ ΙΣΟΤΗΤ ΦΥΛ ΟΠΟΙΑΔΗΠΟΤ ΣΧΕΣ ΕΡΓΑΣΙΑΣ.,100,72,1079,111,1.11,RespA,8,8,0,4
98,0,0,0,1,9,NoIdea,0,0,20080100017.pdf,0,6,16,4,2,2,0,0,Non-Org,0,0,0,0,1,0,0,"ββ) Ο προγραμματισμός των αναγκών της Γενικής 
Γραμματείας Ισότητας των Φύλων σε ανθρώπινο δυναμικό.",100,RespA,ΒΒ ΠΡΟΓΡΑΜΜΑΤΙΣΜ ΑΝΑΓΚ ΓΕΝΙΚ ΓΡΑΜΜΑΤΕΙ ΙΣΟΤΗΤ ΦΥΛ ΑΝΘΡΩΠΙΝ ΔΥΝΑΜΙΚΟ.,68,39,467,47,0.6911764706,RespA,4,2,2,4
99,0,0,0,1,9,NoIdea,0,0,20080100017.pdf,0,0,21,3,1,2,0,0,Non-Org,0,0,0,0,1,0,0,"γγ) Η κατάρτιση και παρακολούθηση των συμβάσεων 
μίσθωσης έργου.",64,RespA,ΓΓ ΚΑΤΑΡΤΙΣ ΠΑΡΑΚΟΛΟΥΘΗΣ ΣΥΜΒΑΣ ΜΙΣΘΩΣ ΕΡΓΟΥ.,45,23,183,33,0.7333333333,RespA,3,1,2,0
100,0,0,0,1,9,NoIdea,0,0,20080100017.pdf,0,0,17,5,1,4,0,1,Non-Org,6,0,0,0,1,0,0,"ηη) Η τήρηση του προσωπικού μητρώου των υπαλλήλων και η επεξεργασία των στοιχείων για τις εκάστοτε 
μεταβολές του προσωπικού.",125,RespA,ΗΗ ΤΗΡΗΣ ΠΡΟΣΩΠ ΜΗΤΡΩ ΥΠΑΛΛΗΛ ΕΠΕΞΕΡΓΑΣ ΣΤΟΙΧΕΙ ΕΚΑΣΤΟΤ ΜΕΤΑΒΟΛ ΠΡΟΣΩΠΙΚΟΥ.,75,97,605,41,0.5466666667,RespA,5,1,4,0
101,0,0,0,1,9,NoIdea,0,0,20080100017.pdf,0,6,16,7,6,1,0,0,Non-Org,0,0,0,0,1,0,0,"θθ) Η οργάνωση των υπηρεσιών της Γενικής Γραμματείας Ισότητας των Φύλων και η υποβολή προτάσεων 
για την οργανωτική αναδιάρθρωσή της, σε συνεργασία 
με τις αρμόδιες οργανικές μονάδες.",183,RespA,ΘΘ ΟΡΓΑΝΩΣ ΥΠΗΡΕΣ ΓΕΝΙΚ ΓΡΑΜΜΑΤΕΙ ΙΣΟΤΗΤ ΦΥΛ ΥΠΟΒΟΛ ΠΡΟΤΑΣ ΟΡΓΑΝΩΤ ΑΝΑΔΙΑΡΘΡΩΣ ΣΥΝΕΡΓΑΣ ΑΡΜΟΔ ΟΡΓΑΝ ΜΟΝΑΔΕΣ.,108,66,669,83,0.7685185185,RespA,7,6,1,4
102,0,0,0,1,9,NoIdea,0,0,20080100017.pdf,0,15,20,12,7,5,0,0,Non-Org,0,0,0,0,1,0,0,"ιι) Η οργάνωση, παρακολούθηση και η εκτέλεση προγραμμάτων εκπαίδευσης και επιμόρφωσης του ανθρώπινου δυναμικού της Υπηρεσίας, σε συνεργασία με 
δημόσιους και ιδιωτικούς φορείς στο εσωτερικό και 
εξωτερικό, καθώς και η αξιοποίηση του ανθρώπινου 
δυναμικού, σε αντίστοιχα με την εκπαίδευση, καθήκοντα 
εντός της Υπηρεσίας.",320,RespA,ΙΙ ΟΡΓΑΝΩΣ ΠΑΡΑΚΟΛΟΥΘΗΣ ΕΚΤΕΛΕΣ ΠΡΟΓΡΑΜΜ ΕΚΠΑΙΔΕΥΣ ΕΠΙΜΟΡΦΩΣ ΑΝΘΡΩΠΙΝ ΔΥΝΑΜ ΥΠΗΡΕΣ ΣΥΝΕΡΓΑΣ ΔΗΜΟΣ ΙΔΙΩΤ ΦΟΡ ΕΣΩΤΕΡ ΕΞΩΤΕΡ ΑΞΙΟΠΟΙΗΣ ΑΝΘΡΩΠΙΝ ΔΥΝΑΜ ΑΝΤΙΣΤΟΙΧ ΕΚΠΑΙΔΕΥΣ ΚΑΘΗΚΟΝΤ ΥΠΗΡΕΣΙΑΣ.,186,159,1504,147,0.7903225806,RespA,11,6,5,2
103,0,0,0,0,9,NoIdea,0,0,20080100017.pdf,0,2,9,2,0,2,0,0,Non-Org,0,0,0,0,0,0,0,"ιβιβ) Η μέριμνα για την εφαρμογή του συστήματος 
αξιολόγησης του προσωπικού.",76,RespA,ΙΒΙΒ ΜΕΡΙΜΝ ΕΦΑΡΜΟΓ ΣΥΣΤΗΜ ΑΞΙΟΛΟΓΗΣ ΠΡΟΣΩΠΙΚΟΥ.,48,96,699,15,0.3125,RespA,2,0,2,1
104,0,0,0,0,9,NoIdea,0,0,20080100017.pdf,0,2,15,3,1,2,0,1,Non-Org,8,0,0,0,0,0,0,"ιγιγ) Η μελέτη και η εφαρμογή μέτρων για την απλούστευση των διοικητικών διαδικασιών, καθώς και ο ανασχεδιασμός των εντύπων και των χρησιμοποιούμενων 
μέσων για την αποτελεσματικότερη λειτουργία των 
Υπηρεσιών.",210,RespA,ΙΓΙΓ ΜΕΛΕΤ ΕΦΑΡΜΟΓ ΜΕΤΡ ΑΠΛΟΥΣΤΕΥΣ ΔΙΟΙΚΗΤ ΔΙΑΔΙΚΑΣ ΑΝΑΣΧΕΔΙΑΣΜ ΕΝΤΥΠ ΧΡΗΣΙΜΟΠΟΙΟΥΜΕΝ ΜΕΣ ΑΠΟΤΕΛΕΣΜΑΤΙΚ ΛΕΙΤΟΥΡΓ ΥΠΗΡΕΣΙΩΝ.,123,61,325,25,0.2032520325,RespA,3,1,2,2
105,0,0,0,0,9,NoIdea,0,0,20080100017.pdf,0,2,12,4,0,4,0,0,Non-Org,0,0,0,0,0,0,0,ιδιδ) Η εφαρμογή μέτρων για τη βελτίωση της αποδοτικότητας του υπηρετούντος προσωπικού.,87,RespA,ΙΔΙΔ ΕΦΑΡΜΟΓ ΜΕΤΡ ΒΕΛΤΙΩΣ ΑΠΟΔΟΤΙΚΟΤΗΤ ΥΠΗΡΕΤΟΥΝΤ ΠΡΟΣΩΠΙΚΟΥ.,61,42,255,33,0.5409836066,RespA,4,0,4,1
106,0,0,0,0,9,NoIdea,0,0,20080100017.pdf,0,2,16,8,1,7,0,0,Non-Org,0,0,0,0,0,0,0,"ιειε) Η μέριμνα για την προώθηση και παρακολούθηση 
της διαδικασίας μέχρι τη δημοσίευσή τους, των νομοθετικών και άλλων κειμένων, που καταρτίζονται από τη 
Γενική Γραμματεία Ισότητας των Φύλων.",193,RespA,ΙΕΙ ΜΕΡΙΜΝ ΠΡΟΩΘΗΣ ΠΑΡΑΚΟΛΟΥΘΗΣ ΔΙΑΔΙΚΑΣ ΔΗΜΟΣΙΕΥΣ ΝΟΜΟΘΕΤ ΚΕΙΜΕΝ ΚΑΤΑΡΤΙΖ ΓΕΝΙΚ ΓΡΑΜΜΑΤΕΙ ΙΣΟΤΗΤ ΦΥΛΩΝ.,104,178,1522,71,0.6826923077,RespA,8,1,7,5
107,0,0,0,0,9,NoIdea,0,0,20080100017.pdf,0,2,16,6,2,4,0,0,Non-Org,0,0,0,0,0,0,0,"ιστιστ) Η μέριμνα για τον προγραμματισμό και τον 
απολογισμό δράσεων των οργανικών μονάδων της Γενικής Γραμματείας Ισότητας των Φύλων.",134,RespA,ΙΣΤΙΣΤ ΜΕΡΙΜΝ ΠΡΟΓΡΑΜΜΑΤΙΣΜ ΑΠΟΛΟΓΙΣΜ ΔΡΑΣ ΟΡΓΑΝ ΜΟΝΑΔ ΓΕΝΙΚ ΓΡΑΜΜΑΤΕΙ ΙΣΟΤΗΤ ΦΥΛΩΝ.,84,137,1032,59,0.7023809524,RespA,6,2,4,5
108,0,0,0,0,9,NoIdea,0,0,20080100017.pdf,0,2,15,3,1,2,0,0,Non-Org,0,0,0,0,0,0,0,"ιζιζ) Η μέριμνα για την εφαρμογή της ισχύουσας νομοθεσίας και των μέτρων, που αφορούν στα Α.με.Α.",97,RespA,ΙΖΙΖ ΜΕΡΙΜΝ ΕΦΑΡΜΟΓ ΙΣΧΥΟΥΣ ΝΟΜΟΘΕΣ ΜΕΤΡ ΑΦΟΡ Α.ΜΕ.Α.,53,84,490,25,0.4716981132,RespA,3,1,2,2
109,0,0,0,0,9,NoIdea,0,0,20080100017.pdf,0,2,13,5,2,3,0,1,Non-Org,7,0,0,0,0,0,0,"ιηιη) Η εισήγηση για τη συγκρότηση Συλλογικών Οργάνων όπως Επιτροπές, Ομάδες Εργασίας ή Έργου, 
σύμφωνα με τη διάταξη του άρθρου 18 παρ. 18 του 
ν. 2503/1997.",158,RespA,ΙΗΙ ΕΙΣΗΓΗΣ ΣΥΓΚΡΟΤΗΣ ΣΥΛΛΟΓ ΟΡΓΑΝ ΕΠΙΤΡΟΠ ΟΜΑΔ ΕΡΓΑΣ ΕΡΓ ΣΥΜΦΩΝ ΔΙΑΤΑΞ ΑΡΘΡ 18 ΠΑΡ. 18 Ν. 2503 1997.,101,49,367,45,0.4455445545,RespA,5,2,3,7
110,0,0,0,1,9,NoIdea,0,0,20080100017.pdf,0,15,20,9,7,2,0,0,Non-Org,0,0,0,0,1,0,0,"αα) Η συγκέντρωση και η επεξεργασία των αναγκαίων στοιχείων για την κατάρτιση ή τροποποίηση του 
Προϋπολογισμού της Γενικής Γραμματείας Ισότητας 
των Φύλων, η εκτέλεσή του, καθώς και η ευθύνη παρακολούθησης της εκτέλεσής του.",225,RespA,ΑΑ ΣΥΓΚΕΝΤΡΩΣ ΕΠΕΞΕΡΓΑΣ ΑΝΑΓΚΑΙ ΣΤΟΙΧΕΙ ΚΑΤΑΡΤΙΣ ΤΡΟΠΟΠΟΙΗΣ ΠΡΟΥΠΟΛΟΓΙΣΜ ΓΕΝΙΚ ΓΡΑΜΜΑΤΕΙ ΙΣΟΤΗΤ ΦΥΛ ΕΚΤΕΛΕΣ ΕΥΘΥΝ ΠΑΡΑΚΟΛΟΥΘΗΣ ΕΚΤΕΛΕΣ ΤΟΥ.,139,69,917,134,0.964028777,RespA,9,7,2,5
111,0,0,0,1,9,NoIdea,0,0,20080100017.pdf,0,18,20,13,7,6,0,0,Non-Org,0,0,0,0,1,0,0,"ββ) Η εισήγηση προτάσεων και η συλλογή και επεξεργασία των αναγκαίων στοιχείων για την κατάρτιση 
ή τροποποίηση του Προϋπολογισμού Δημοσίων Επενδύσεων της Γ.Γ.Ι.Φ., η ευθύνη χρηματοοικονομικής υποστήριξης της υλοποίησης των έργων που εντάσσονται 
σε αυτόν, καθώς και η παρακολούθηση της εκτέλεσής 
του.",302,RespA,ΒΒ ΕΙΣΗΓΗΣ ΠΡΟΤΑΣ ΣΥΛΛΟΓ ΕΠΕΞΕΡΓΑΣ ΑΝΑΓΚΑΙ ΣΤΟΙΧΕΙ ΚΑΤΑΡΤΙΣ ΤΡΟΠΟΠΟΙΗΣ ΠΡΟΥΠΟΛΟΓΙΣΜ ΔΗΜΟΣ ΕΠΕΝΔΥΣ Γ.Γ.Ι.Φ. ΕΥΘΥΝ ΧΡΗΜΑΤΟΟΙΚΟΝΟΜ ΥΠΟΣΤΗΡΙΞ ΥΛΟΠΟΙΗΣ ΕΡΓ ΕΝΤΑΣΣ ΠΑΡΑΚΟΛΟΥΘΗΣ ΕΚΤΕΛΕΣ ΤΟΥ.,183,129,1421,166,0.9071038251,RespA,13,7,6,4
112,0,0,0,1,9,NoIdea,0,0,20080100017.pdf,0,0,7,2,0,2,0,0,Non-Org,0,0,0,0,1,0,0,"γγ) Ο ορισμός, ο έλεγχος και η εποπτεία των δημοσίων υπολόγων, κατά λόγο αρμοδιότητας.",86,RespA,ΓΓ ΟΡΙΣΜ ΕΛΕΓΧ ΕΠΟΠΤΕΙ ΔΗΜΟΣ ΥΠΟΛΟΓ ΛΟΓ ΑΡΜΟΔΙΟΤΗΤΑΣ.,53,21,141,12,0.2264150943,RespA,2,0,2,0
113,0,0,0,1,9,NoIdea,0,0,20080100017.pdf,0,18,16,8,5,3,0,2,Non-Org,11,0,0,0,1,0,0,"δδ) Η μέριμνα για την παροχή εντολής και την εκκαθάριση των αποδοχών και λοιπών αμοιβών του προσωπικού της Γενικής Γραμματείας Ισότητας των Φύλων 
καθώς και κάθε είδους αποζημιώσεων.",182,RespA,ΔΔ ΜΕΡΙΜΝ ΠΑΡΟΧ ΕΝΤΟΛ ΕΚΚΑΘΑΡΙΣ ΑΠΟΔΟΧ ΛΟΙΠ ΑΜΟΙΒ ΠΡΟΣΩΠ ΓΕΝΙΚ ΓΡΑΜΜΑΤΕΙ ΙΣΟΤΗΤ ΦΥΛ ΕΙΔ ΑΠΟΖΗΜΙΩΣΕΩΝ.,101,59,410,80,0.7920792079,RespA,8,5,3,4
114,0,0,0,1,9,NoIdea,0,0,20080100017.pdf,0,23,16,8,4,4,0,0,Non-Org,0,0,0,0,1,0,0,"εε) Η μέριμνα για τη στέγαση, συντήρηση και την 
εκκαθάριση μισθωμάτων κτιρίων και λοιπών εγκαταστάσεων εξοπλισμού, στα οποία στεγάζει τις υπηρεσίες της 
η Γενική Γραμματεία Ισότητας των Φύλων.",193,RespA,ΕΕ ΜΕΡΙΜΝ ΣΤΕΓΑΣ ΣΥΝΤΗΡΗΣ ΕΚΚΑΘΑΡΙΣ ΜΙΣΘΩΜ ΚΤΙΡ ΛΟΙΠ ΕΓΚΑΤΑΣΤΑΣ ΕΞΟΠΛΙΣΜ ΣΤΕΓΑΖ ΥΠΗΡΕΣ ΓΕΝΙΚ ΓΡΑΜΜΑΤΕΙ ΙΣΟΤΗΤ ΦΥΛΩΝ.,116,80,720,85,0.7327586207,RespA,8,4,4,4
115,0,0,0,1,9,NoIdea,0,0,20080100017.pdf,0,0,12,4,1,3,0,1,Non-Org,5,0,0,0,1,0,0,"ηη) Η μέριμνα για την σύναψη συμβάσεων παροχής 
υπηρεσιών και η αποτελεσματική εκτέλεσή τους.",93,RespA,ΗΗ ΜΕΡΙΜΝ ΣΥΝΑΨ ΣΥΜΒΑΣ ΠΑΡΟΧ ΥΠΗΡΕΣ ΑΠΟΤΕΛΕΣΜΑΤ ΕΚΤΕΛΕΣ ΤΟΥΣ.,61,79,496,29,0.4754098361,RespA,4,1,3,0
116,0,0,0,1,9,NoIdea,0,0,20080100017.pdf,0,32,16,10,4,6,0,0,Non-Org,0,0,0,0,1,0,0,"θθ) Η φροντίδα για την εφαρμογή των κείμενων διατάξεων, που αφορούν στην προμήθεια παγίων και αναλώσιμων υλικών και η μέριμνα για την ανάληψη εκτέλεσης εργασιών ή μελετών για την κάλυψη αναγκών της 
Γενικής Γραμματείας Ισότητας των Φύλων.",238,RespA,ΘΘ ΦΡΟΝΤΙΔ ΕΦΑΡΜΟΓ ΚΕΙΜΕΝ ΔΙΑΤΑΞ ΑΦΟΡ ΠΡΟΜΗΘΕΙ ΠΑΓ ΑΝΑΛΩΣΙΜ ΥΛ ΜΕΡΙΜΝ ΑΝΑΛΗΨ ΕΚΤΕΛΕΣ ΕΡΓΑΣ ΜΕΛΕΤ ΚΑΛΥΨ ΑΝΑΓΚ ΓΕΝΙΚ ΓΡΑΜΜΑΤΕΙ ΙΣΟΤΗΤ ΦΥΛΩΝ.,138,147,957,91,0.6594202899,RespA,10,4,6,4
117,0,0,0,1,9,NoIdea,0,0,20080100017.pdf,0,11,10,2,0,2,0,1,Non-Org,6,0,0,0,1,0,0,"ιι) Η μέριμνα για την επιχορήγηση και την καταβολή 
εισφορών σε Νομικά Πρόσωπα και Οργανισμούς.",95,RespA,ΙΙ ΜΕΡΙΜΝ ΕΠΙΧΟΡΗΓΗΣ ΚΑΤΑΒΟΛ ΕΙΣΦΟΡ ΝΟΜ ΠΡΟΣΩΠ ΟΡΓΑΝΙΣΜΟΥΣ.,59,57,350,16,0.2711864407,RespA,2,0,2,3
118,0,0,0,0,9,NoIdea,0,0,20080100017.pdf,0,2,16,7,2,5,0,0,Non-Org,0,0,0,0,0,0,0,"ιβιβ) Η παρακολούθηση της αποθήκης υλικού και η 
μέριμνα για την ικανοποίηση των αναγκών της Γενικής 
Γραμματείας Ισότητας των Φύλων και η τήρηση βιβλίων 
και στοιχείων.",169,RespA,ΙΒΙΒ ΠΑΡΑΚΟΛΟΥΘΗΣ ΑΠΟΘΗΚ ΥΛ ΜΕΡΙΜΝ ΙΚΑΝΟΠΟΙΗΣ ΑΝΑΓΚ ΓΕΝΙΚ ΓΡΑΜΜΑΤΕΙ ΙΣΟΤΗΤ ΦΥΛ ΤΗΡΗΣ ΒΙΒΛΙ ΣΤΟΙΧΕΙΩΝ.,101,187,1480,60,0.5940594059,RespA,7,2,5,5
119,0,0,0,0,9,NoIdea,0,0,20080100017.pdf,0,2,8,6,0,6,0,1,Non-Org,7,0,0,0,0,0,0,"ιγιγ) Η παραλαβή από τις μόνιμες ή κατά περίπτωση 
(ad hoc) επιτροπές παραλαβής των κάθε είδους υλικών, 
αναλωσίμων και μη και η διάθεσή τους στις επιμέρους 
οργανικές μονάδες.",176,RespA,ΙΓΙΓ ΠΑΡΑΛΑΒ ΜΟΝΙΜ ΠΕΡΙΠΤΩΣ AD HOC ΕΠΙΤΡΟΠ ΠΑΡΑΛΑΒ ΕΙΔ ΥΛ ΑΝΑΛΩΣΙΜ ΔΙΑΘΕΣ ΕΠΙΜΕΡ ΟΡΓΑΝ ΜΟΝΑΔΕΣ.,95,22,138,39,0.4105263158,RespA,5,0,5,1
120,0,0,0,0,9,NoIdea,0,0,20080100017.pdf,0,2,9,5,1,4,0,0,Non-Org,0,0,0,0,0,0,0,"ιδιδ) Η μέριμνα κάθε θέματος, που αφορά στην κίνηση, διάθεση και έλεγχο της χρήσης των υπηρεσιακών 
αυτοκινήτων.",112,RespA,ΙΔΙΔ ΜΕΡΙΜΝ ΘΕΜ ΑΦΟΡ ΚΙΝΗΣ ΔΙΑΘΕΣ ΕΛΕΓΧ ΧΡΗΣ ΥΠΗΡΕΣΙΑΚ ΑΥΤΟΚΙΝΗΤΩΝ.,67,135,968,34,0.5074626866,RespA,5,1,4,1
121,0,0,0,1,9,NoIdea,0,0,20080100017.pdf,0,13,16,6,1,5,0,1,Non-Org,9,0,0,0,1,0,0,"αα) Η μέριμνα για τη δημιουργία, διαχείριση και ασφάλεια των δεδομένων του δικτύου Η/Υ της Γενικής Γραμματείας Ισότητας των Φύλων.",130,RespA,ΑΑ ΜΕΡΙΜΝ ΔΗΜΙΟΥΡΓ ΔΙΑΧΕΙΡΙΣ ΑΣΦΑΛΕΙ ΔΕΔΟΜΕΝ ΔΙΚΤΥ Υ ΓΕΝΙΚ ΓΡΑΜΜΑΤΕΙ ΙΣΟΤΗΤ ΦΥΛΩΝ.,82,143,971,49,0.5975609756,RespA,6,1,5,6
122,0,0,0,1,9,NoIdea,0,0,20080100017.pdf,0,11,9,3,0,3,0,0,Non-Org,0,0,0,0,1,0,0,"ββ) Η διασφάλιση της ηλεκτρονικής διασύνδεσης με 
τους φορείς συνεργασίας της Υπηρεσίας.",88,RespA,ΒΒ ΔΙΑΣΦΑΛΙΣ ΗΛΕΚΤΡΟΝ ΔΙΑΣΥΝΔΕΣ ΦΟΡ ΣΥΝΕΡΓΑΣ ΥΠΗΡΕΣΙΑΣ.,55,78,633,26,0.4727272727,RespA,3,0,3,1
123,0,0,0,1,9,NoIdea,0,0,20080100017.pdf,0,17,17,5,1,4,0,0,Non-Org,0,0,0,0,1,0,0,"γγ) Η μέριμνα για την εξασφάλιση της αποτελεσματικότητας της συμβατότητας όλων των συστημάτων 
πληροφορικής και επικοινωνιών της Γ.Γ.Ι.Φ.",137,RespA,ΓΓ ΜΕΡΙΜΝ ΕΞΑΣΦΑΛΙΣ ΑΠΟΤΕΛΕΣΜΑΤΙΚΟΤΗΤ ΣΥΜΒΑΤΟΤΗΤ ΣΥΣΤΗΜ ΠΛΗΡΟΦΟΡ ΕΠΙΚΟΙΝΩΝ Γ.Γ.Ι.Φ.,83,91,748,56,0.6746987952,RespA,5,1,4,1
124,0,0,0,1,9,NoIdea,0,0,20080100017.pdf,0,0,17,7,4,3,0,0,Non-Org,0,0,0,0,1,0,0,"δδ) Η αξιοποίηση των νέων τεχνολογιών, πληροφορικής και επικοινωνιών, σε συνεργασία με τις άλλες 
οργανικές μονάδες και η τεχνική υποστήριξη των εφαρμογών τους.",160,RespA,ΔΔ ΑΞΙΟΠΟΙΗΣ ΝΕ ΤΕΧΝΟΛΟΓ ΠΛΗΡΟΦΟΡ ΕΠΙΚΟΙΝΩΝ ΣΥΝΕΡΓΑΣ ΟΡΓΑΝ ΜΟΝΑΔ ΤΕΧΝΙΚ ΥΠΟΣΤΗΡΙΞ ΕΦΑΡΜΟΓ ΤΟΥΣ.,95,122,1132,81,0.8526315789,RespA,7,4,3,0
125,0,0,0,1,9,NoIdea,0,0,20080100017.pdf,0,5,8,2,0,2,0,0,Non-Org,0,0,0,0,1,0,0,"εε) Η συντήρηση του δικτύου Η/Υ – Τηλεπικοινωνίας 
και των ηλεκτροπαραγωγικών ζευγών – UPS.",91,RespA,ΕΕ ΣΥΝΤΗΡΗΣ ΔΙΚΤΥ Υ ΤΗΛΕΠΙΚΟΙΝΩΝ ΗΛΕΚΤΡΟΠΑΡΑΓΩΓ ΖΕΥΓ UPS.,57,58,401,13,0.2280701754,RespA,2,0,2,4
126,0,0,0,1,9,NoIdea,0,0,20080100017.pdf,0,14,16,10,3,7,0,1,Non-Org,8,0,0,0,1,0,0,"ηη) Η μέριμνα για τη συντήρηση και την εύρυθμη 
λειτουργία των τεχνικών υποδομών της Γενικής Γραμματείας Ισότητας των Φύλων (κλιματισμός, θέρμανση, 
φωτισμός, ηλεκτρολογικές και υδραυλικές εγκαταστάσεις, κ.λπ.).",211,RespA,ΗΗ ΜΕΡΙΜΝ ΣΥΝΤΗΡΗΣ ΕΥΡΥΘΜ ΛΕΙΤΟΥΡΓ ΤΕΧΝΙΚ ΥΠΟΔΟΜ ΓΕΝΙΚ ΓΡΑΜΜΑΤΕΙ ΙΣΟΤΗΤ ΦΥΛ ΚΛΙΜΑΤΙΣΜ ΘΕΡΜΑΝΣ ΦΩΤΙΣΜ ΗΛΕΚΤΡΟΛΟΓ ΥΔΡΑΥΛ ΕΓΚΑΤΑΣΤΑΣ Κ.ΛΠ. .,137,187,1412,93,0.6788321168,RespA,10,3,7,4
127,0,0,0,1,9,NoIdea,0,0,20080100017.pdf,0,2,12,2,0,2,0,0,Non-Org,0,0,0,0,1,0,0,δ) Τμήμα Ποιότητας και Αποδοτικότητας:,38,Non-RespA,Δ ΤΜΗΜ ΠΟΙΟΤΗΤ ΑΠΟΔΟΤΙΚΟΤΗΤ,27,19,163,19,0.7037037037,RespA,2,0,2,2
128,0,0,0,1,9,NoIdea,0,0,20080100017.pdf,0,6,0,0,0,0,0,0,Non-Org,0,0,0,0,1,0,0,αα) Η εφαρμογή συστημάτων διοίκησης στη Γ.Γ.Ι.Φ.,48,RespA,ΑΑ ΕΦΑΡΜΟΓ ΣΥΣΤΗΜ ΔΙΟΙΚΗΣ Γ.Γ.Ι.Φ.,34,0,0,0,0,RespA,0,0,0,1
129,0,0,0,1,9,NoIdea,0,0,20080100017.pdf,0,24,30,7,4,3,0,0,Non-Org,0,0,0,0,1,0,0,"ββ) Η εφαρμογή νέων συστημάτων και μεθόδων αξιολόγησης και μέτρησης της αποδοτικότητας και αποτελεσματικότητας, με τη συλλογή στοιχείων, που αφορούν 
στις οργανικές μονάδες της Γ.Γ.Ι.Φ.",185,RespA,ΒΒ ΕΦΑΡΜΟΓ ΝΕ ΣΥΣΤΗΜ ΜΕΘΟΔ ΑΞΙΟΛΟΓΗΣ ΜΕΤΡΗΣ ΑΠΟΔΟΤΙΚΟΤΗΤ ΑΠΟΤΕΛΕΣΜΑΤΙΚΟΤΗΤ ΣΥΛΛΟΓ ΣΤΟΙΧΕΙ ΑΦΟΡ ΟΡΓΑΝ ΜΟΝΑΔ Γ.Γ.Ι.Φ.,115,92,839,86,0.747826087,RespA,7,4,3,1
130,0,0,0,1,9,NoIdea,0,0,20080100017.pdf,0,0,8,2,0,2,0,0,Non-Org,0,0,0,0,1,0,0,γγ) Η διεξαγωγή σχετικών ερευνών και μελετών.,45,RespA,ΓΓ ΔΙΕΞΑΓΩΓ ΣΧΕΤ ΕΡΕΥΝ ΜΕΛΕΤΩΝ.,31,20,112,13,0.4193548387,RespA,2,0,2,0
131,0,0,0,1,9,NoIdea,0,0,20080100017.pdf,0,18,7,2,0,2,0,0,Non-Org,0,0,0,0,1,0,0,"δδ) Η εισήγηση για την ανάπτυξη και εφαρμογή πολιτικών για την συγκριτική και υψηλότερη επίδοση των 
υπηρεσιών της Γ.Γ.Ι.Φ.",123,RespA,ΔΔ ΕΙΣΗΓΗΣ ΑΝΑΠΤΥΞ ΕΦΑΡΜΟΓ ΠΟΛΙΤ ΣΥΓΚΡΙΤ ΥΨΗΛ ΕΠΙΔΟΣ ΥΠΗΡΕΣ Γ.Γ.Ι.Φ.,68,31,217,14,0.2058823529,RespA,2,0,2,1
132,0,0,0,1,9,NoIdea,0,0,20080100017.pdf,0,9,10,3,1,2,0,0,Non-Org,0,0,0,0,1,0,0,"εε) Ο εντοπισμός των καλύτερων πρακτικών (best 
practices) άλλων Υπηρεσιών και η προετοιμασία εφαρμογής τους στις υπηρεσίες της Γ.Γ.Ι.Φ.",136,RespA,ΕΕ ΕΝΤΟΠΙΣΜ ΚΑΛ ΠΡΑΚΤ BEST PRACTICES ΥΠΗΡΕΣ ΠΡΟΕΤΟΙΜΑΣ ΕΦΑΡΜΟΓ ΥΠΗΡΕΣ Γ.Γ.Ι.Φ.,78,13,122,27,0.3461538462,RespA,3,1,2,2
133,0,0,0,1,9,NoIdea,0,0,20080100017.pdf,0,2,0,0,0,0,0,0,Non-Org,0,0,0,0,1,0,0,ε) Τμήμα Γραμματείας:,21,Non-RespA,Ε ΤΜΗΜ ΓΡΑΜΜΑΤΕΙ,16,0,0,0,0,RespA,0,0,0,1
134,0,0,0,1,9,NoIdea,0,0,20080100017.pdf,0,0,20,4,4,0,0,0,Non-Org,0,0,0,0,1,0,0,"αα) Η τήρηση γενικού πρωτοκόλλου εισερχόμενης και 
εξερχόμενης αλληλογραφίας.",77,RespA,ΑΑ ΤΗΡΗΣ ΓΕΝΙΚ ΠΡΩΤΟΚΟΛΛ ΕΙΣΕΡΧΟΜΕΝ ΕΞΕΡΧΟΜΕΝ ΑΛΛΗΛΟΓΡΑΦΙΑΣ.,60,13,195,66,1.1,RespA,4,4,0,0
135,0,0,0,1,9,NoIdea,0,0,20080100017.pdf,0,0,11,3,0,3,0,0,Non-Org,0,0,0,0,1,0,0,"ββ) Η διακίνηση και διεκπεραίωση της υπηρεσιακής 
αλληλογραφίας.",64,RespA,ΒΒ ΔΙΑΚΙΝΗΣ ΔΙΕΚΠΕΡΑΙΩΣ ΥΠΗΡΕΣΙΑΚ ΑΛΛΗΛΟΓΡΑΦΙΑΣ.,48,70,652,28,0.5833333333,RespA,3,0,3,0
136,0,0,0,1,9,NoIdea,0,0,20080100017.pdf,0,0,0,0,0,0,0,0,Non-Org,0,0,0,0,1,0,0,γγ) Η αναπαραγωγή εγγράφων και εντύπων.,39,RespA,ΓΓ ΑΝΑΠΑΡΑΓΩΓ ΕΓΓΡΑΦ ΕΝΤΥΠΩΝ.,29,0,0,0,0,RespA,0,0,0,0
137,0,0,0,1,9,NoIdea,0,0,20080100017.pdf,0,0,21,6,2,4,0,1,Non-Org,7,0,0,0,1,0,0,"δδ) Η επικύρωση και η βεβαίωση της ακρίβειας των 
αντιγράφων ή φωτοαντιγράφων εγγράφων ή δικαιολογητικών και του γνήσιου της υπογραφής.",135,RespA,ΔΔ ΕΠΙΚΥΡΩΣ ΒΕΒΑΙΩΣ ΑΚΡΙΒΕΙ ΑΝΤΙΓΡΑΦ ΦΩΤΟΑΝΤΙΓΡΑΦ ΕΓΓΡΑΦ ΔΙΚΑΙΟΛΟΓΗΤ ΓΝΗΣ ΥΠΟΓΡΑΦΗΣ.,84,36,307,65,0.7738095238,RespA,6,2,4,0
138,0,0,0,1,9,NoIdea,0,0,20080100017.pdf,0,6,16,2,2,0,0,0,Non-Org,0,0,0,0,1,0,0,"εε) Η τήρηση του αρχείου της Γενικής Γραμματείας 
Ισότητας των Φύλων.",69,RespA,ΕΕ ΤΗΡΗΣ ΑΡΧΕΙ ΓΕΝΙΚ ΓΡΑΜΜΑΤΕΙ ΙΣΟΤΗΤ ΦΥΛΩΝ.,44,17,212,27,0.6136363636,RespA,2,2,0,4
139,0,0,0,0,10,NoIdea,0,0,20080100017.pdf,0,2,0,0,0,0,0,0,Non-Org,0,0,0,0,0,0,0,"Νομικό Τμήμα
Οι αρμοδιότητες του Νομικού Τμήματος είναι:",56,Non-RespA,ΝΟΜ ΤΜΗΜ ΑΡΜΟΔΙΟΤΗΤ ΝΟΜ ΤΜΗΜ,28,0,0,0,0,RespA,0,0,0,4
140,0,0,0,1,10,NoIdea,0,0,20080100017.pdf,0,0,14,6,2,4,0,0,Non-Org,0,0,0,0,1,0,0,"β) Η μελέτη και επεξεργασία των σχεδίων νόμων, που 
ρυθμίζουν θέματα ισότητας, σε συνεργασία με τους 
αρμόδιους κυβερνητικούς φορείς.",133,RespA,Β ΜΕΛΕΤ ΕΠΕΞΕΡΓΑΣ ΣΧΕΔ ΝΟΜ ΡΥΘΜΙΖ ΘΕΜ ΙΣΟΤΗΤ ΣΥΝΕΡΓΑΣ ΑΡΜΟΔ ΚΥΒΕΡΝΗΤ ΦΟΡΕΙΣ.,76,125,932,50,0.6578947368,RespA,6,2,4,0
141,0,0,0,1,10,NoIdea,0,0,20080100017.pdf,0,7,12,5,4,1,0,0,Non-Org,0,0,0,0,1,0,0,"γ) Η υποστήριξη του νομοπαρασκευαστικού έργου 
της Γ.Γ.Ι.Φ., σε συνεργασία με τις καθ’ ύλην αρμόδιες 
οργανικές μονάδες.",120,RespA,Γ ΥΠΟΣΤΗΡΙΞ ΝΟΜΟΠΑΡΑΣΚΕΥΑΣΤ ΕΡΓ Γ.Γ.Ι.Φ. ΣΥΝΕΡΓΑΣ ΚΑΘ ΥΛΗΝ ΑΡΜΟΔ ΟΡΓΑΝ ΜΟΝΑΔΕΣ.,79,60,551,50,0.6329113924,RespA,5,4,1,1
142,0,0,0,1,10,NoIdea,0,0,20080100017.pdf,0,24,16,8,4,4,0,0,Non-Org,0,0,0,0,1,0,0,"δ) Η μελέτη της εθνικής, ευρωπαϊκής, διεθνούς νομοθεσίας και η παρακολούθηση της εφαρμογής της, σε 
θέματα σχετικά με το αντικείμενο και τις αρμοδιότητες 
της Γενικής Γραμματείας Ισότητας των Φύλων.",198,RespA,Δ ΜΕΛΕΤ ΕΘΝ ΕΥΡΩΠΑΙΚ ΔΙΕΘΝ ΝΟΜΟΘΕΣ ΠΑΡΑΚΟΛΟΥΘΗΣ ΕΦΑΡΜΟΓ ΘΕΜ ΣΧΕΤ ΑΝΤΙΚΕΙΜΕΝ ΑΡΜΟΔΙΟΤΗΤ ΓΕΝΙΚ ΓΡΑΜΜΑΤΕΙ ΙΣΟΤΗΤ ΦΥΛΩΝ.,116,151,1342,84,0.724137931,RespA,8,4,4,4
143,0,0,0,1,10,NoIdea,0,0,20080100017.pdf,0,9,16,4,3,1,0,0,Non-Org,0,0,0,0,1,0,0,"ε) Η νομική υποστήριξη των επιμέρους υπηρεσιακών 
μονάδων της Γενικής Γραμματείας Ισότητας των Φύλων.",101,RespA,Ε ΝΟΜ ΥΠΟΣΤΗΡΙΞ ΕΠΙΜΕΡ ΥΠΗΡΕΣΙΑΚ ΜΟΝΑΔ ΓΕΝΙΚ ΓΡΑΜΜΑΤΕΙ ΙΣΟΤΗΤ ΦΥΛΩΝ.,68,16,212,50,0.7352941176,RespA,4,3,1,4
144,0,0,0,1,10,NoIdea,0,0,20080100017.pdf,0,7,14,5,3,2,0,1,Non-Org,5,0,0,0,1,0,0,"στ). Η παροχή νομικών συμβουλών σε ερωτήματα 
Υπηρεσιών και πολιτών, σε θέματα αρμοδιότητας της 
Γ.Γ.Ι.Φ.",105,RespA,ΣΤ . ΠΑΡΟΧ ΝΟΜ ΣΥΜΒΟΥΛ ΕΡΩΤΗΜ ΥΠΗΡΕΣ ΠΟΛΙΤ ΘΕΜ ΑΡΜΟΔΙΟΤΗΤ Γ.Γ.Ι.Φ.,66,48,308,45,0.6818181818,RespA,5,3,2,2
145,0,0,0,1,10,NoIdea,0,0,20080100017.pdf,0,0,12,5,1,4,0,0,Non-Org,0,0,0,0,1,0,0,"ζ) Η εισήγηση μέτρων στην περίπτωση διαφωνιών, 
οι οποίες απορρέουν από την εφαρμογή πολιτικών και 
νόμων, με στόχο την εγγύηση της ισότητας μεταξύ ανδρών και γυναικών.",168,RespA,Ζ ΕΙΣΗΓΗΣ ΜΕΤΡ ΠΕΡΙΠΤΩΣ ΔΙΑΦΩΝ ΑΠΟΡΡΕ ΕΦΑΡΜΟΓ ΠΟΛΙΤ ΝΟΜ ΣΤΟΧ ΕΓΓΥΗΣ ΙΣΟΤΗΤ ΑΝΔΡ ΓΥΝΑΙΚΩΝ.,89,38,192,32,0.3595505618,RespA,5,1,4,0
146,0,0,0,1,10,NoIdea,0,0,20080100017.pdf,0,10,11,3,1,2,0,0,Non-Org,0,0,0,0,1,0,0,"η) Η συλλογή και κωδικοποίηση διατάξεων σε θέματα 
ισότητας των Φύλων.",70,RespA,Η ΣΥΛΛΟΓ ΚΩΔΙΚΟΠΟΙΗΣ ΔΙΑΤΑΞ ΘΕΜ ΙΣΟΤΗΤ ΦΥΛΩΝ.,45,37,259,27,0.6,RespA,3,1,2,1
147,0,0,0,0,11,NoIdea,0,0,20080100017.pdf,0,3,9,2,0,2,0,0,Non-Org,0,0,0,0,0,0,0,Αρμοδιότητες του Γραφείου Επικοινωνίας και Δημοσίων Σχέσεων είναι:,66,Non-RespA,ΑΡΜΟΔΙΟΤΗΤ ΓΡΑΦΕΙ ΕΠΙΚΟΙΝΩΝ ΔΗΜΟΣ ΣΧΕΣ,38,24,189,15,0.3947368421,RespA,2,0,2,4
148,0,0,0,1,11,NoIdea,0,0,20080100017.pdf,0,15,16,12,8,4,0,0,Non-Org,0,0,0,0,1,0,0,"β) Η παρακολούθηση, επισήμανση και συλλογή ειδήσεων και δημοσιευμάτων, που αφορούν σε θέματα 
αρμοδιότητας της Γενικής Γραμματείας Ισότητας των 
Φύλων και η ενημέρωση του Γενικού Γραμματέα και των 
αρμόδιων οργανικών μονάδων της Γενικής Γραμματείας 
Ισότητας των Φύλων.",269,RespA,Β ΠΑΡΑΚΟΛΟΥΘΗΣ ΕΠΙΣΗΜΑΝΣ ΣΥΛΛΟΓ ΕΙΔΗΣ ΔΗΜΟΣΙΕΥΜ ΑΦΟΡ ΘΕΜ ΑΡΜΟΔΙΟΤΗΤ ΓΕΝΙΚ ΓΡΑΜΜΑΤΕΙ ΙΣΟΤΗΤ ΦΥΛ ΕΝΗΜΕΡΩΣ ΓΕΝΙΚ ΓΡΑΜΜΑΤ ΑΡΜΟΔ ΟΡΓΑΝ ΜΟΝΑΔ ΓΕΝΙΚ ΓΡΑΜΜΑΤΕΙ ΙΣΟΤΗΤ ΦΥΛΩΝ.,165,162,1620,136,0.8242424242,RespA,11,7,4,10
149,0,0,0,1,11,NoIdea,0,0,20080100017.pdf,0,8,16,5,3,2,0,0,Non-Org,0,0,0,0,1,0,0,"γ) Οι επαφές και η συνεργασία με τα Μέσα Μαζικής 
Ενημέρωσης (Μ.Μ.Ε.) σχετικά με την πληροφόρηση για 
τις δραστηριότητες της Γενικής Γραμματείας Ισότητας 
των Φύλων.",165,RespA,Γ ΕΠΑΦ ΣΥΝΕΡΓΑΣ ΜΑΖ ΕΝΗΜΕΡΩΣ Μ.Μ.Ε. ΣΧΕΤ ΠΛΗΡΟΦΟΡΗΣ ΔΡΑΣΤΗΡΙΟΤΗΤ ΓΕΝΙΚ ΓΡΑΜΜΑΤΕΙ ΙΣΟΤΗΤ ΦΥΛΩΝ.,94,44,534,63,0.670212766,RespA,5,3,2,8
150,0,0,0,1,11,NoIdea,0,0,20080100017.pdf,0,7,16,4,4,0,0,0,Non-Org,0,0,0,0,1,0,0,"δ) Η κάλυψη γεγονότων και εκδηλώσεων της Γενικής 
Γραμματείας Ισότητας των Φύλων.",81,RespA,Δ ΚΑΛΥΨ ΓΕΓΟΝ ΕΚΔΗΛΩΣ ΓΕΝΙΚ ΓΡΑΜΜΑΤΕΙ ΙΣΟΤΗΤ ΦΥΛΩΝ.,51,14,191,53,1.039215686,RespA,4,4,0,4
151,0,0,0,1,11,NoIdea,0,0,20080100017.pdf,0,9,10,5,0,5,0,0,Non-Org,0,0,0,0,1,0,0,"ε) Η συνεργασία για όλα τα παραπάνω με το Τμήμα 
Πληροφόρησης της Διεύθυνσης Τεκμηρίωσης και Πληροφόρησης, όπου κρίνεται αναγκαίο.",130,RespA,Ε ΣΥΝΕΡΓΑΣ ΠΑΡΑΠΑΝ ΤΜΗΜ ΠΛΗΡΟΦΟΡΗΣ ΔΙΕΥΘΥΝΣ ΤΕΚΜΗΡΙΩΣ ΠΛΗΡΟΦΟΡΗΣ ΚΡΙΝ ΑΝΑΓΚΑΙΟ.,79,101,832,44,0.5569620253,RespA,4,0,4,5
152,0,0,0,0,12,NoIdea,0,0,20080100017.pdf,0,2,16,11,10,1,0,4,Non-Org,24,0,0,0,0,0,0,"Οργανικές Θέσεις Προσωπικού της Γενικής Γραμματείας Ισότητας των Φύλων 
1. Ο συνολικός αριθμός των θέσεων του πάσης φύσεως 
προσωπικού της Γ.Γ.Ι.Φ. ορίζεται σε εκατόν πέντε (105) 
θέσεις, εκ των οποίων ογδόντα οκτώ (88) είναι θέσεις 
μόνιμου προσωπικού, δεκατρείς (13) είναι θέσεις προσωπικού με σχέση εργασίας ιδιωτικού δικαίου αορίστου 
χρόνου και τέσσερεις (4) είναι θέσεις δικηγόρων με 
έμμισθη εντολή.",406,Non-RespA,ΟΡΓΑΝ ΘΕΣ ΠΡΟΣΩΠ ΓΕΝΙΚ ΓΡΑΜΜΑΤΕΙ ΙΣΟΤΗΤ ΦΥΛ 1. ΣΥΝΟΛ ΑΡΙΘΜ ΘΕΣ ΠΑΣ ΦΥΣ ΠΡΟΣΩΠ Γ.Γ.Ι.Φ. ΟΡΙΖ ΕΚΑΤΟΝ ΠΕΝΤ 105 ΘΕΣ ΕΚ ΟΓΔΟΝΤ ΟΚΤΩ 88 ΘΕΣ ΜΟΝΙΜ ΠΡΟΣΩΠ ΔΕΚΑΤΡ 13 ΘΕΣ ΠΡΟΣΩΠ ΣΧΕΣ ΕΡΓΑΣ ΙΔΙΩΤ ΔΙΚΑΙ ΑΟΡΙΣΤ ΧΡΟΝ ΤΕΣΣΕΡ 4 ΘΕΣ ΔΙΚΗΓΟΡ ΕΜΜΙΣΘ ΕΝΤΟΛΗ.,238,52,499,115,0.4831932773,RespA,11,10,1,8
153,0,0,0,0,13,NoIdea,0,0,20080100017.pdf,0,3,0,0,0,0,0,2,Non-Org,12,0,0,0,0,0,0,"Διάκριση θέσεων Προσωπικού
Οι θέσεις του προσωπικού της Γ.Γ.Ι.Φ. διακρίνονται 
σε:",82,Non-RespA,ΔΙΑΚΡΙΣ ΘΕΣ ΠΡΟΣΩΠ ΘΕΣ ΠΡΟΣΩΠ Γ.Γ.Ι.Φ. ΔΙΑΚΡΙΝ,46,0,0,0,0,Org,0,0,0,3
154,0,0,0,0,14,NoIdea,0,0,20080100017.pdf,0,2,10,10,1,9,0,2,Non-Org,9,0,0,0,0,0,0,"Προσόντα Διορισμού
1. Ως προσόν διορισμού στον κλάδο Π.Ε. Ειδικών σε 
θέματα Ισότητας ορίζεται το πτυχίο ή δίπλωμα Α.Ε.Ι. της 
ημεδαπής ή ισότιμο αντίστοιχης ειδικότητας σχολών 
της αλλοδαπής μιας από τις ειδικότητες ή κατευθύνσεις, από αυτές, που περιγράφονται στο άρθρο 4 του 
π.δ. 50/2001 (Φ.Ε.Κ. 39 Α΄), όπως έχει τροποποιηθεί και 
ισχύει κάθε φορά.",353,Non-RespA,ΠΡΟΣΟΝΤ ΔΙΟΡΙΣΜ 1. ΠΡΟΣΟΝ ΔΙΟΡΙΣΜ ΚΛΑΔ Π.Ε. ΕΙΔΙΚ ΘΕΜ ΙΣΟΤΗΤ ΟΡΙΖ ΠΤΥΧ ΔΙΠΛΩΜ Α.Ε.Ι. ΗΜΕΔΑΠ ΙΣΟΤΙΜ ΑΝΤΙΣΤΟΙΧ ΕΙΔΙΚΟΤΗΤ ΣΧΟΛ ΑΛΛΟΔΑΠ ΕΙΔΙΚΟΤΗΤ ΚΑΤΕΥΘΥΝΣ ΠΕΡΙΓΡΑΦ ΑΡΘΡ 4 Π.Δ. 50 2001 Φ.Ε.Κ. 39 Α ΤΡΟΠΟΠΟΙ ΙΣΧΥ ΦΟΡΑ.,212,49,314,68,0.320754717,RespA,9,1,8,8
155,0,0,0,0,14,NoIdea,0,0,20080100017.pdf,0,4,13,12,3,9,0,2,Non-Org,9,0,0,0,0,0,0,"Για τον κλάδο Π.Ε. Ειδικών σε θέματα ισότητας, πέραν του ανωτέρω βασικού τίτλου, απαιτείται και η κατοχή μεταπτυχιακού τίτλου σε γνωστικό αντικείμενο 
Aνθρωπιστικών, Kοινωνικών και Νομικών (ειδίκευση σε 
θέματα Ανθρωπίνων Δικαιωμάτων, Δημοσίου Δικαίου, 
Ευρωπαϊκού Δικαίου) σπουδών ή αποφοίτηση από την 
Εθνική Σχολή Δημόσιας Διοίκησης (Ε.Σ.Δ.Δ.) ή τριετής 
εμπειρία σε θέματα ισότητας, καθώς και η άριστη γνώση 
μίας τουλάχιστον ξένης γλώσσας, η οποία θα ορίζεται 
με την προκήρυξη.",483,Non-RespA,ΓΙΑ ΚΛΑΔ Π.Ε. ΕΙΔΙΚ ΘΕΜ ΙΣΟΤΗΤ ΠΕΡ ΒΑΣΙΚ ΤΙΤΛ ΑΠΑΙΤΕΙΤΑ ΚΑΤΟΧ ΜΕΤΑΠΤΥΧΙΑΚ ΤΙΤΛ ΓΝΩΣΤ ΑΝΤΙΚΕΙΜΕΝ AΝΘΡΩΠΙΣΤΙΚΩΝ KΟΙΝΩΝΙΚΩΝ ΝΟΜ ΕΙΔΙΚΕΥΣ ΘΕΜ ΑΝΘΡΩΠΙΝ ΔΙΚΑΙΩΜ ΔΗΜΟΣ ΔΙΚΑΙ ΕΥΡΩΠΑΙΚ ΔΙΚΑΙ ΣΠΟΥΔ ΑΠΟΦΟΙΤΗΣ ΕΘΝ ΣΧΟΛ ΔΗΜΟΣ ΔΙΟΙΚΗΣ Ε.Σ.Δ.Δ. ΤΡΙΕΤ ΕΜΠΕΙΡ ΘΕΜ ΙΣΟΤΗΤ ΑΡΙΣΤ ΓΝΩΣ ΞΕΝ ΓΛΩΣΣ ΟΡΙΖ ΠΡΟΚΗΡΥΞΗ.,290,56,373,86,0.2965517241,RespA,10,2,8,16
156,0,0,0,0,14,NoIdea,0,0,20080100017.pdf,0,10,14,3,1,2,0,1,Non-Org,5,0,0,0,0,0,0,"Επίσης, απαιτείται τουλάχιστον διετής εμπειρία σε 
θέματα αρμοδιοτήτων των Συμβουλευτικών Κέντρων και 
*01000170802080012*
η πολύ καλή γνώση τουλάχιστον μιας ξένης γλώσσας, 
η οποία θα ορίζεται με την προκήρυξη.",211,Non-RespA,ΕΠΙΣΗΣ ΑΠΑΙΤΕΙΤΑ ΔΙΕΤ ΕΜΠΕΙΡ ΘΕΜ ΑΡΜΟΔΙΟΤΗΤ ΣΥΜΒΟΥΛΕΥΤ ΚΕΝΤΡ 01000170802080012 ΚΑΛ ΓΝΩΣ ΞΕΝ ΓΛΩΣΣ ΟΡΙΖ ΠΡΟΚΗΡΥΞΗ.,113,14,154,33,0.2920353982,Irrelevant,3,1,2,2
157,0,0,0,0,15,NoIdea,0,0,20080100017.pdf,0,2,14,6,3,3,0,1,Non-Org,5,0,0,0,0,0,0,"Προϊστάμενοι 
Προϊστάμενος Γενικής Διεύθυνσης Συντονισμού
Ως Προϊστάμενος της Γενικής Διεύθυνσης Συντονισμού ορίζεται υπάλληλος του κλάδου Π.Ε. Ειδικών σε 
θέματα ισότητας ή Π.Ε. Διοικητικού – Οικονομικού.",205,Non-RespA,ΠΡΟΙΣΤΑΜΕΝ ΠΡΟΙΣΤΑΜΕΝ ΓΕΝΙΚ ΔΙΕΥΘΥΝΣ ΣΥΝΤΟΝΙΣΜ ΠΡΟΙΣΤΑΜΕΝ ΓΕΝΙΚ ΔΙΕΥΘΥΝΣ ΣΥΝΤΟΝΙΣΜ ΟΡΙΖ ΥΠΑΛΛΗΛ ΚΛΑΔ Π.Ε. ΕΙΔΙΚ ΘΕΜ ΙΣΟΤΗΤ Π.Ε. ΔΙΟΙΚΗΤ ΟΙΚΟΝΟΜΙΚΟΥ.,148,32,301,60,0.4054054054,RespA,4,2,2,14
158,0,0,0,0,16,NoIdea,0,0,20080100017.pdf,0,2,13,4,1,3,0,0,Non-Org,0,0,0,0,0,0,0,"Προϊστάμενοι Διευθύνσεων
1. Στις Διευθύνσεις Προγραμματισμού, Ανάπτυξης 
και Απασχόλησης, Εργασιακών Σχέσεων και Κοινωνικής Πολιτικής, Ευρωπαϊκής Πολιτικής και Διεθνούς 
Συνεργα σίας, προΐστανται υπάλληλοι των κλάδων Π.Ε.",221,Non-RespA,ΠΡΟΙΣΤΑΜΕΝ ΔΙΕΥΘΥΝΣ 1. ΔΙΕΥΘΥΝΣ ΠΡΟΓΡΑΜΜΑΤΙΣΜ ΑΝΑΠΤΥΞ ΑΠΑΣΧΟΛΗΣ ΕΡΓΑΣΙΑΚ ΣΧΕΣ ΚΟΙΝΩΝ ΠΟΛΙΤ ΕΥΡΩΠΑΙΚ ΠΟΛΙΤ ΔΙΕΘΝ ΣΥΝΕΡΓ ΣΙ ΠΡΟΪ́ΣΤΑΝΤΑΙ ΥΠΑΛΛΗΛ ΚΛΑΔ Π.Ε.,153,32,350,39,0.2549019608,RespA,4,1,3,15
159,0,0,0,0,16,NoIdea,0,0,20080100017.pdf,0,6,10,1,1,0,0,1,Non-Org,5,0,0,0,0,0,0,Ειδικών σε θέματα ισότητας και Π.Ε. Διοικητικού – Οικονομικού.,62,Non-RespA,ΕΙΔΙΚ ΘΕΜ ΙΣΟΤΗΤ Π.Ε. ΔΙΟΙΚΗΤ ΟΙΚΟΝΟΜΙΚΟΥ.,42,3,30,10,0.2380952381,RespA,1,1,0,3
160,0,0,0,0,16,NoIdea,0,0,20080100017.pdf,0,2,15,7,3,4,0,1,Non-Org,5,0,0,0,0,0,0,"Κοινωνικού. 
3. Στη Διεύθυνση Διοικητικού Οικονομικού και Οργάνωσης προΐστανται υπάλληλοι των κλάδων Π.Ε. Ειδικών 
σε θέματα ισότητας, Π.Ε. Διοικητικού – Οικονομικού, και 
εάν δεν υπάρχουν ή δεν επαρκούν Τ.Ε. Διοικητικού – Λογιστικού και Τ.Ε. Κοινωνικού.",254,Non-RespA,ΚΟΙΝΩΝΙΚΟΥ. 3. ΔΙΕΥΘΥΝΣ ΔΙΟΙΚΗΤ ΟΙΚΟΝΟΜ ΟΡΓΑΝΩΣ ΠΡΟΪ́ΣΤΑΝΤΑΙ ΥΠΑΛΛΗΛ ΚΛΑΔ Π.Ε. ΕΙΔΙΚ ΘΕΜ ΙΣΟΤΗΤ Π.Ε. ΔΙΟΙΚΗΤ ΟΙΚΟΝΟΜ ΔΕΝ ΥΠΑΡΧ ΔΕΝ ΕΠΑΡΚ Τ.Ε. ΔΙΟΙΚΗΤ ΛΟΓΙΣΤ Τ.Ε. ΚΟΙΝΩΝΙΚΟΥ.,174,51,390,62,0.3563218391,RespA,6,2,4,15
161,0,0,0,0,17,NoIdea,0,0,20080100017.pdf,0,2,15,11,3,8,0,1,Non-Org,5,0,0,0,0,0,0,"Προϊστάμενοι Τμημάτων
1. Στα Τμήματα Προγραμματισμού και Ανάπτυξης, 
Εκπαίδευσης και Κατάρτισης, Ανάπτυξης και Απασχόλησης της Διεύθυνσης Προγραμματισμού, Ανάπτυξης 
και Απασχόλησης προΐστανται υπάλληλοι των κλάδων 
Π.Ε. Ειδικών σε θέματα ισότητας, Π.Ε. Διοικητικού – Οικονομικού, και εάν δεν υπάρχουν ή δεν επαρκούν Τ.Ε.",321,Non-RespA,ΠΡΟΙΣΤΑΜΕΝ ΤΜΗΜ 1. ΤΜΗΜ ΠΡΟΓΡΑΜΜΑΤΙΣΜ ΑΝΑΠΤΥΞ ΕΚΠΑΙΔΕΥΣ ΚΑΤΑΡΤΙΣ ΑΝΑΠΤΥΞ ΑΠΑΣΧΟΛΗΣ ΔΙΕΥΘΥΝΣ ΠΡΟΓΡΑΜΜΑΤΙΣΜ ΑΝΑΠΤΥΞ ΑΠΑΣΧΟΛΗΣ ΠΡΟΪ́ΣΤΑΝΤΑΙ ΥΠΑΛΛΗΛ ΚΛΑΔ Π.Ε. ΕΙΔΙΚ ΘΕΜ ΙΣΟΤΗΤ Π.Ε. ΔΙΟΙΚΗΤ ΟΙΚΟΝΟΜ ΔΕΝ ΥΠΑΡΧ ΔΕΝ ΕΠΑΡΚ Τ.Ε.,218,125,1187,110,0.504587156,RespA,9,3,6,19
162,0,0,0,0,17,NoIdea,0,0,20080100017.pdf,0,2,6,1,0,1,0,0,Non-Org,0,0,0,0,0,0,0,Διοικητικού – Λογιστικού και Τ.Ε. Κοινωνικού.,45,Non-RespA,ΔΙΟΙΚΗΤ ΛΟΓΙΣΤ Τ.Ε. ΚΟΙΝΩΝΙΚΟΥ.,31,2,12,6,0.1935483871,RespA,1,0,1,3
163,0,0,0,0,17,NoIdea,1,0,20080100017.pdf,0,2,15,10,3,7,0,1,Non-Org,5,0,0,0,0,1,0,"3. Στα Τμήματα Τεκμηρίωσης, Πληροφόρησης της Διεύθυνσης Τεκμηρίωσης και Πληροφόρησης προΐστανται 
υπάλληλοι των κλάδων Π.Ε. Ειδικών σε θέματα ισότητας 
και Π.Ε. Διοικητικού – Οικονομικού, Π.Ε. Πληροφορικής, 
και εάν δεν υπάρχουν ή δεν επαρκούν Τ.Ε. Διοικητικού – 
Λογιστικού, Τ.Ε. Πληροφορικής και Τ.Ε. Κοινωνικού.",314,Non-RespA,3. ΤΜΗΜ ΤΕΚΜΗΡΙΩΣ ΠΛΗΡΟΦΟΡΗΣ ΔΙΕΥΘΥΝΣ ΤΕΚΜΗΡΙΩΣ ΠΛΗΡΟΦΟΡΗΣ ΠΡΟΪ́ΣΤΑΝΤΑΙ ΥΠΑΛΛΗΛ ΚΛΑΔ Π.Ε. ΕΙΔΙΚ ΘΕΜ ΙΣΟΤΗΤ Π.Ε. ΔΙΟΙΚΗΤ ΟΙΚΟΝΟΜ Π.Ε. ΠΛΗΡΟΦΟΡ ΔΕΝ ΥΠΑΡΧ ΔΕΝ ΕΠΑΡΚ Τ.Ε. ΔΙΟΙΚΗΤ ΛΟΓΙΣΤ Τ.Ε. ΠΛΗΡΟΦΟΡ Τ.Ε. ΚΟΙΝΩΝΙΚΟΥ.,213,70,602,90,0.4225352113,RespA,8,3,5,20
164,0,0,0,0,17,NoIdea,1,0,20080100017.pdf,0,2,15,8,2,6,0,2,Non-Org,13,0,0,0,0,1,0,"4. Στα Τμήματα Ευρωπαϊκής Πολιτικής, Διεθνούς Συνεργασίας και Διεθνών Οργανισμών της Διεύθυνσης 
ΦΕΚ 17 
Ευρωπαϊκής Πολιτικής και Διεθνούς Συνεργασίας προΐστανται υπάλληλοι των κλάδων Π.Ε. Ειδικών σε θέματα 
ισότητας, Π.Ε. Διοικητικού – Οικονομικού, και εάν δεν 
υπάρχουν ή δεν επαρκούν Τ.Ε. Διοικητικού – Λογιστικού 
και Τ.Ε. Κοινωνικού.",338,Non-RespA,4. ΤΜΗΜ ΕΥΡΩΠΑΙΚ ΠΟΛΙΤ ΔΙΕΘΝ ΣΥΝΕΡΓΑΣ ΔΙΕΘΝ ΟΡΓΑΝΙΣΜ ΔΙΕΥΘΥΝΣ ΦΕΚ 17 ΕΥΡΩΠΑΙΚ ΠΟΛΙΤ ΔΙΕΘΝ ΣΥΝΕΡΓΑΣ ΠΡΟΪ́ΣΤΑΝΤΑΙ ΥΠΑΛΛΗΛ ΚΛΑΔ Π.Ε. ΕΙΔΙΚ ΘΕΜ ΙΣΟΤΗΤ Π.Ε. ΔΙΟΙΚΗΤ ΟΙΚΟΝΟΜ ΔΕΝ ΥΠΑΡΧ ΔΕΝ ΕΠΑΡΚ Τ.Ε. ΔΙΟΙΚΗΤ ΛΟΓΙΣΤ Τ.Ε. ΚΟΙΝΩΝΙΚΟΥ.,225,97,790,64,0.2844444444,RespA,7,2,5,23
165,0,0,0,0,17,NoIdea,1,0,20080100017.pdf,0,2,15,9,4,5,0,1,Non-Org,5,0,0,0,0,1,0,"5. Στο Τμήμα Διοικητικού της Διεύθυνσης Διοικητικού Οικονομικού και Οργάνωσης προΐσταται υπάλληλος των 
κλάδων Π.Ε. Ειδικών σε θέματα ισότητας, Π.Ε. Διοικητικού Οικονομικού, και εάν δεν υπάρχει ή δεν επαρκεί 
Τ.Ε. Διοικητικού – Λογιστικού, Τ.Ε. Κοινωνικού και εάν δεν 
υπάρχει ή δεν επαρκεί Δ.Ε. Διοικητικού Λογιστικού.",319,Non-RespA,5. ΤΜΗΜ ΔΙΟΙΚΗΤ ΔΙΕΥΘΥΝΣ ΔΙΟΙΚΗΤ ΟΙΚΟΝΟΜ ΟΡΓΑΝΩΣ ΠΡΟΪ́ΣΤΑΤΑΙ ΥΠΑΛΛΗΛ ΚΛΑΔ Π.Ε. ΕΙΔΙΚ ΘΕΜ ΙΣΟΤΗΤ Π.Ε. ΔΙΟΙΚΗΤ ΟΙΚΟΝΟΜ ΔΕΝ ΥΠΑΡΧ ΔΕΝ ΕΠΑΡΚ Τ.Ε. ΔΙΟΙΚΗΤ ΛΟΓΙΣΤ Τ.Ε. ΚΟΙΝΩΝ ΔΕΝ ΥΠΑΡΧ ΔΕΝ ΕΠΑΡΚ Δ.Ε. ΔΙΟΙΚΗΤ ΛΟΓΙΣΤΙΚΟΥ.,214,57,462,79,0.3691588785,RespA,7,3,4,19
166,0,0,0,0,17,NoIdea,1,0,20080100017.pdf,0,2,17,7,5,2,0,2,Non-Org,14,0,0,0,0,1,0,"6. Στο Τμήμα Οικονομικού και Διαχείρισης Υλικού της 
Διεύθυνσης Διοικητικού Οικονομικού και Οργάνωσης 
προΐστανται υπάλληλοι των κλάδων Π.Ε. Ειδικών σε 
θέματα ισότητας, Π.Ε. Διοικητικού – Οικονομικού, Π.Ε.",206,Non-RespA,6. ΤΜΗΜ ΟΙΚΟΝΟΜ ΔΙΑΧΕΙΡΙΣ ΥΛ ΔΙΕΥΘΥΝΣ ΔΙΟΙΚΗΤ ΟΙΚΟΝΟΜ ΟΡΓΑΝΩΣ ΠΡΟΪ́ΣΤΑΝΤΑΙ ΥΠΑΛΛΗΛ ΚΛΑΔ Π.Ε. ΕΙΔΙΚ ΘΕΜ ΙΣΟΤΗΤ Π.Ε. ΔΙΟΙΚΗΤ ΟΙΚΟΝΟΜ Π.Ε.,136,51,426,80,0.5882352941,RespA,6,4,2,14
167,0,0,0,0,17,NoIdea,0,0,20080100017.pdf,0,2,6,1,0,1,0,0,Non-Org,0,0,0,0,0,0,0,Διοικητικού – Λογιστικού και Τ.Ε. Κοινωνικού.,45,Non-RespA,ΔΙΟΙΚΗΤ ΛΟΓΙΣΤ Τ.Ε. ΚΟΙΝΩΝΙΚΟΥ.,31,2,12,6,0.1935483871,RespA,1,0,1,3
168,0,0,0,0,17,NoIdea,0,0,20080100017.pdf,0,9,8,2,0,2,0,0,Non-Org,0,0,0,0,0,0,0,Πληροφορικής και εάν δεν υπάρχει ή δεν επαρκεί Δ.Ε.,51,Non-RespA,ΠΛΗΡΟΦΟΡ ΔΕΝ ΥΠΑΡΧ ΔΕΝ ΕΠΑΡΚ Δ.Ε.,33,43,338,13,0.3939393939,RespA,2,0,2,1
169,0,0,0,0,17,NoIdea,0,0,20080100017.pdf,0,2,0,0,0,0,0,1,Non-Org,6,0,0,0,0,0,0,Προσωπικού Η/Υ.,15,Non-RespA,ΠΡΟΣΩΠ Υ.,9,0,0,0,0,RespA,0,0,0,1
170,0,0,0,0,17,NoIdea,1,0,20080100017.pdf,0,2,15,7,1,6,0,0,Org,0,0,0,0,0,1,0,"9. Στο Τμήμα Γραμματείας της Διεύθυνσης Διοικητικού – Οικονομικού και Οργάνωσης προΐσταται υπάλληλος του κλάδου Π.Ε. Διοικητικού Λογιστικού και εάν 
δεν υπάρχει ή δεν επαρκεί, Τ.Ε. Διοικητικού Λογιστικού 
και εάν δεν υπάρχει ή δεν επαρκεί Δ.Ε. Διοικητικού Λογιστικού.",267,Non-RespA,9. ΤΜΗΜ ΓΡΑΜΜΑΤΕΙ ΔΙΕΥΘΥΝΣ ΔΙΟΙΚΗΤ ΟΙΚΟΝΟΜ ΟΡΓΑΝΩΣ ΠΡΟΪ́ΣΤΑΤΑΙ ΥΠΑΛΛΗΛ ΚΛΑΔ Π.Ε. ΔΙΟΙΚΗΤ ΛΟΓΙΣΤ ΔΕΝ ΥΠΑΡΧ ΔΕΝ ΕΠΑΡΚ Τ.Ε. ΔΙΟΙΚΗΤ ΛΟΓΙΣΤ ΔΕΝ ΥΠΑΡΧ ΔΕΝ ΕΠΑΡΚ Δ.Ε. ΔΙΟΙΚΗΤ ΛΟΓΙΣΤΙΚΟΥ.,181,48,360,48,0.2651933702,RespA,5,1,4,15
171,0,0,0,0,17,NoIdea,1,0,20080100017.pdf,0,2,10,6,0,6,0,0,Org,0,0,0,0,0,1,0,"10. Στο Τμήμα της Βιβλιοθήκης της Διεύθυνσης Τεκμηρίωσης και Πληροφόρησης προΐσταται υπάλληλος του 
κλάδου Π.Ε. Βιβλιοθηκονόμων και εάν δεν υπάρχει ή δεν 
επαρκεί υπάλληλος του κλάδου Τ.Ε. Βιβλιοθηκονόμων.",205,Non-RespA,10. ΤΜΗΜ ΒΙΒΛΙΟΘΗΚ ΔΙΕΥΘΥΝΣ ΤΕΚΜΗΡΙΩΣ ΠΛΗΡΟΦΟΡΗΣ ΠΡΟΪ́ΣΤΑΤΑΙ ΥΠΑΛΛΗΛ ΚΛΑΔ Π.Ε. ΒΙΒΛΙΟΘΗΚΟΝΟΜ ΔΕΝ ΥΠΑΡΧ ΔΕΝ ΕΠΑΡΚ ΥΠΑΛΛΗΛ ΚΛΑΔ Τ.Ε. ΒΙΒΛΙΟΘΗΚΟΝΟΜΩΝ.,148,37,303,41,0.277027027,RespA,5,0,5,9
172,0,0,0,0,17,NoIdea,1,0,20080100017.pdf,0,2,13,10,2,8,0,2,Non-Org,10,0,0,0,0,1,0,"11. Στα Συμβουλευτικά Κέντρα της Διεύθυνσης Εργασιακών Σχέσεων και Κοινωνικής Πολιτικής προΐστανται 
υπάλληλοι του κλάδου Π.Ε. Συμβουλευτικής και εάν δεν 
υπάρχουν ή δεν επαρκούν Π.Ε. Ειδικών σε θέματα ισότητας και εάν δεν υπάρχουν ή δεν επαρκούν Τ.Ε. Κοινωνικού, με τεκμηριωμένη επιστημονική γνώση ή πείρα 
του αντικειμένου του κλάδου Συμβουλευτικής.",351,Non-RespA,11. ΣΥΜΒΟΥΛΕΥΤ ΚΕΝΤΡ ΔΙΕΥΘΥΝΣ ΕΡΓΑΣΙΑΚ ΣΧΕΣ ΚΟΙΝΩΝ ΠΟΛΙΤ ΠΡΟΪ́ΣΤΑΝΤΑΙ ΥΠΑΛΛΗΛ ΚΛΑΔ Π.Ε. ΣΥΜΒΟΥΛΕΥΤ ΔΕΝ ΥΠΑΡΧ ΔΕΝ ΕΠΑΡΚ Π.Ε. ΕΙΔΙΚ ΘΕΜ ΙΣΟΤΗΤ ΔΕΝ ΥΠΑΡΧ ΔΕΝ ΕΠΑΡΚ Τ.Ε. ΚΟΙΝΩΝ ΤΕΚΜΗΡΙΩΜΕΝ ΕΠΙΣΤΗΜΟΝ ΓΝΩΣ ΠΕΙΡ ΑΝΤΙΚΕΙΜΕΝ ΚΛΑΔ ΣΥΜΒΟΥΛΕΥΤΙΚΗΣ.,237,32,271,80,0.3375527426,RespA,7,2,5,14
173,0,0,0,0,17,NoIdea,1,0,20080100017.pdf,0,2,11,4,1,3,0,1,Non-Org,5,0,0,0,0,1,0,"12. Στο Νομικό Τμήμα προΐσταται υπάλληλος των 
κλάδων Π.Ε. Ειδικών σε Θέματα Ισότητας, Π.Ε. Διοικητικού – Οικονομικού. Για την επιλογή προϊσταμένου στο 
συγκεκριμένο τμήμα συνεκτιμάται η κατοχή πτυχίου 
Νομικής Σχολής.",218,Non-RespA,12. ΝΟΜ ΤΜΗΜ ΠΡΟΪ́ΣΤΑΤΑΙ ΥΠΑΛΛΗΛ ΚΛΑΔ Π.Ε. ΕΙΔΙΚ ΘΕΜ ΙΣΟΤΗΤ Π.Ε. ΔΙΟΙΚΗΤ ΟΙΚΟΝΟΜΙΚΟΥ. ΕΠΙΛΟΓ ΠΡΟΙΣΤΑΜΕΝ ΣΥΓΚΕΚΡΙΜΕΝ ΤΜΗΜ ΣΥΝΕΚΤΙΜ ΚΑΤΟΧ ΠΤΥΧ ΝΟΜ ΣΧΟΛΗΣ.,153,14,99,31,0.2026143791,RespA,4,1,3,12
174,0,0,0,0,17,NoIdea,1,0,20080100017.pdf,0,2,10,4,1,3,0,1,Non-Org,5,0,0,0,0,1,0,"13. Στο Γραφείο Επικοινωνίας και Δημοσίων Σχέσεων 
προΐσταται υπάλληλος των κλάδων Π.Ε. Ειδικών σε Θέματα Ισότητας και Π.Ε. Διοικητικού – Οικονομικού.",150,Non-RespA,13. ΓΡΑΦΕΙ ΕΠΙΚΟΙΝΩΝ ΔΗΜΟΣ ΣΧΕΣ ΠΡΟΪ́ΣΤΑΤΑΙ ΥΠΑΛΛΗΛ ΚΛΑΔ Π.Ε. ΕΙΔΙΚ ΘΕΜ ΙΣΟΤΗΤ Π.Ε. ΔΙΟΙΚΗΤ ΟΙΚΟΝΟΜΙΚΟΥ.,105,33,243,29,0.2761904762,RespA,4,1,3,11
175,0,0,0,0,18,NoIdea,0,0,20080100017.pdf,0,2,10,6,1,5,0,2,Non-Org,11,0,0,0,0,0,0,"Κατάταξη Υπηρετούντος Προσωπικού
1. Στον κλάδο Π.Ε. Ειδικών σε θέματα ισότητας κατατάσσονται οι υπηρετούντες στους κλάδους Π.Ε. Διοικητικής Οργάνωσης, Π.Ε. Κοινωνικού, Π.Ε. Διοικητικού και 
Π.Ε. Διοικητικού – Οικονομικού.",221,Non-RespA,ΚΑΤΑΤΑΞ ΥΠΗΡΕΤΟΥΝΤ ΠΡΟΣΩΠ 1. ΚΛΑΔ Π.Ε. ΕΙΔΙΚ ΘΕΜ ΙΣΟΤΗΤ ΚΑΤΑΤΑΣΣ ΥΠΗΡΕΤΟΥΝΤ ΚΛΑΔ Π.Ε. ΔΙΟΙΚΗΤ ΟΡΓΑΝΩΣ Π.Ε. ΚΟΙΝΩΝ Π.Ε. ΔΙΟΙΚΗΤ Π.Ε. ΔΙΟΙΚΗΤ ΟΙΚΟΝΟΜΙΚΟΥ.,152,43,298,45,0.2960526316,RespA,4,1,3,15
176,0,0,0,0,18,NoIdea,0,0,20080100017.pdf,0,3,10,3,0,3,0,0,Non-Org,0,0,0,0,0,0,0,Στον κλάδο Π.Ε. Πληροφορικής κατατάσσονται οι υπηρετούντες υπάλληλοι του ομώνυμου κλάδου.,89,Non-RespA,ΣΤΟΝ ΚΛΑΔ Π.Ε. ΠΛΗΡΟΦΟΡ ΚΑΤΑΤΑΣΣ ΥΠΗΡΕΤΟΥΝΤ ΥΠΑΛΛΗΛ ΟΜΩΝΥΜ ΚΛΑΔΟΥ.,66,49,372,22,0.3333333333,RespA,3,0,3,2
177,0,0,0,0,18,NoIdea,0,0,20080100017.pdf,0,3,10,2,0,2,0,0,Non-Org,0,0,0,0,0,0,0,"Στον κλάδο Π.Ε. Βιβλιοθηκονομίας κατατάσσονται οι 
υπηρετούντες υπάλληλοι του ομώνυμου κλάδου.",94,Non-RespA,ΣΤΟΝ ΚΛΑΔ Π.Ε. ΒΙΒΛΙΟΘΗΚΟΝΟΜ ΚΑΤΑΤΑΣΣ ΥΠΗΡΕΤΟΥΝΤ ΥΠΑΛΛΗΛ ΟΜΩΝΥΜ ΚΛΑΔΟΥ.,71,8,44,14,0.1971830986,RespA,2,0,2,2
178,0,0,0,0,18,NoIdea,0,0,20080100017.pdf,0,3,10,4,0,4,0,0,Non-Org,0,0,0,0,0,0,0,Στον κλάδο Δ.Ε. Διοικητικού – Λογιστικού κατατάσσονται οι υπηρετούντες υπάλληλοι των κλάδων Δ.Ε.,96,Non-RespA,ΣΤΟΝ ΚΛΑΔ Δ.Ε. ΔΙΟΙΚΗΤ ΛΟΓΙΣΤ ΚΑΤΑΤΑΣΣ ΥΠΗΡΕΤΟΥΝΤ ΥΠΑΛΛΗΛ ΚΛΑΔ Δ.Ε.,67,10,56,24,0.3582089552,RespA,3,0,3,4
179,0,0,0,0,18,NoIdea,0,0,20080100017.pdf,0,2,6,1,0,1,0,0,Non-Org,0,0,0,0,0,0,0,"Διοικητικού – Λογιστικού, Δ.Ε. Διοικητικού.",43,Non-RespA,ΔΙΟΙΚΗΤ ΛΟΓΙΣΤ Δ.Ε. ΔΙΟΙΚΗΤΙΚΟΥ.,32,2,12,6,0.1875,RespA,1,0,1,3
180,0,0,0,0,19,NoIdea,0,0,20080100017.pdf,0,2,15,4,2,2,0,0,Non-Org,0,0,0,0,0,0,0,"Μεταβατικές Διατάξεις
1. Η έναρξη της διοικητικής και οικονομικής υποστήριξης της Γ.Γ.Ι.Φ. από τη Διεύθυνση Διοικητικού –Οικονομικού και Οργάνωσης πραγματοποιείται το αργότερο 
εντός τριών (3) ετών από την ισχύ του παρόντος.",224,Non-RespA,ΜΕΤΑΒΑΤ ΔΙΑΤΑΞ 1. ΕΝΑΡΞ ΔΙΟΙΚΗΤ ΟΙΚΟΝΟΜ ΥΠΟΣΤΗΡΙΞ Γ.Γ.Ι.Φ. ΔΙΕΥΘΥΝΣ ΔΙΟΙΚΗΤ ΟΙΚΟΝΟΜ ΟΡΓΑΝΩΣ ΠΡΑΓΜΑΤΟΠΟΙΕΙΤΑ ΤΡ 3 ΕΤ ΙΣΧ ΠΑΡΟΝΤΟΣ.,129,88,764,46,0.3565891473,Org,3,1,2,7
181,0,0,0,0,19,NoIdea,0,0,20080100017.pdf,0,0,8,1,0,1,0,0,Non-Org,0,0,0,0,0,0,0,"Η ίδια ημερομηνία ισχύει και για την εφαρμογή του 
εδαφίου α΄ της παραγράφου 3 του άρθρου 9 του 
ν. 3491/2006.",110,Non-RespA,Η ΙΔΙ ΗΜΕΡΟΜΗΝ ΙΣΧΥ ΕΦΑΡΜΟΓ ΕΔΑΦ Α ΠΑΡΑΓΡΑΦ 3 ΑΡΘΡ 9 Ν. 3491 2006.,66,3,24,8,0.1212121212,Org,1,0,1,0
182,0,0,0,0,20,NoIdea,0,0,20080100017.pdf,0,2,16,2,2,0,0,1,Non-Org,5,0,0,0,0,0,0,"Καταργούμενες Διατάξεις
Από την έναρξη ισχύος του παρόντος καταργούνται 
οι ρυθμίσεις του π.δ. 320/1988 (Φ.Ε.Κ. 149 Α΄), που αφορούν στη Γενική Γραμματεία Ισότητας των Φύλων και 
ειδικότερα τα άρθρα 22 έως και 27, η παρ. 7 του άρθρου 
33, η παρ. 5 του άρθρου 34 και η παρ. 8 του άρθρου 35.",289,Non-RespA,ΚΑΤΑΡΓΟΥΜΕΝ ΔΙΑΤΑΞ ΕΝΑΡΞ ΙΣΧΥ ΠΑΡΟΝΤ ΚΑΤΑΡΓ ΡΥΘΜΙΣ Π.Δ. 320 1988 Φ.Ε.Κ. 149 Α ΑΦΟΡ ΓΕΝΙΚ ΓΡΑΜΜΑΤΕΙ ΙΣΟΤΗΤ ΦΥΛ ΕΙΔΙΚ ΑΡΘΡ 22 27 ΠΑΡ. 7 ΑΡΘΡ 33 ΠΑΡ. 5 ΑΡΘΡ 34 ΠΑΡ. 8 ΑΡΘΡ 35.,172,10,130,26,0.1511627907,RespA,2,2,0,8
183,0,0,0,0,20,NoIdea,0,0,20080100017.pdf,0,0,0,0,0,0,0,0,Non-Org,0,0,0,0,0,0,0,"Καταργείται επίσης κάθε άλλη ρύθμιση που έρχεται σε 
αντίθεση με τις διατάξεις του παρόντος.",92,Non-RespA,ΚΑΤΑΡΓΕΙΤΑ ΡΥΘΜΙΣ ΕΡΧ ΑΝΤΙΘΕΣ ΔΙΑΤΑΞ ΠΑΡΟΝΤΟΣ.,46,0,0,0,0,RespA,0,0,0,0
184,0,0,0,0,21,NoIdea,0,0,20080100017.pdf,0,2,17,9,6,3,0,1,Non-Org,6,0,0,0,0,0,0,"Παράρτημα Σύνθεσης Υπηρεσιακών Μονάδων
Προσαρτάται και αποτελεί αναπόσπαστο τμήμα του 
παρόντος διατάγματος Παράρτημα Σύνθεσης Υπηρεσιακών Μονάδων στο οποίο απεικονίζεται η κατανομή των 
θέσεων προσωπικού της Γενικής Γραμματείας Ισότητας 
των Φύλων.",249,Non-RespA,ΠΑΡΑΡΤΗΜ ΣΥΝΘΕΣ ΥΠΗΡΕΣΙΑΚ ΜΟΝΑΔ ΠΡΟΣΑΡΤ ΑΠΟΤΕΛ ΑΝΑΠΟΣΠΑΣΤ ΤΜΗΜ ΠΑΡΟΝΤ ΔΙΑΤΑΓΜ ΠΑΡΑΡΤΗΜ ΣΥΝΘΕΣ ΥΠΗΡΕΣΙΑΚ ΜΟΝΑΔ ΑΠΕΙΚΟΝΙΖ ΚΑΤΑΝΟΜ ΘΕΣ ΠΡΟΣΩΠ ΓΕΝΙΚ ΓΡΑΜΜΑΤΕΙ ΙΣΟΤΗΤ ΦΥΛΩΝ.,168,29,332,109,0.6488095238,RespA,7,5,2,12
185,0,0,0,0,21,NoIdea,0,0,20080100017.pdf,0,2,15,2,1,1,0,0,Non-Org,0,0,0,0,0,0,0,"154 
ΕΦΗΜΕΡΙΣ ΤΗΣ ΚΥΒΕΡΝΗΣΕΩΣ (ΤΕΥΧΟΣ ΠΡΩΤΟ) 
Παράρτημα σύνθεσης υπηρεσιακών μονάδων σε θέσεις προσωπικού.",106,Non-RespA,154 ΕΦΗΜΕΡΙΣ ΚΥΒΕΡΝΗΣ ΤΕΥΧ ΠΡΩΤ ΠΑΡΑΡΤΗΜ ΣΥΝΘΕΣ ΥΠΗΡΕΣΙΑΚ ΜΟΝΑΔ ΘΕΣ ΠΡΟΣΩΠΙΚΟΥ.,79,12,117,21,0.2658227848,RespA,2,1,1,6
186,0,0,0,0,21,NoIdea,0,0,20080100017.pdf,0,2,10,1,0,1,0,0,Non-Org,0,0,0,0,0,0,0,"Συμβουλευτικής
Π.Ε.",19,Non-RespA,ΣΥΜΒΟΥΛΕΥΤ Π.Ε.,15,3,30,10,0.6666666667,RespA,1,0,1,1
187,0,0,0,0,21,NoIdea,0,0,20080100017.pdf,0,2,15,1,1,0,0,0,Non-Org,0,0,0,0,0,0,0,"Διοικητικού–
Οικονομικού
Π.Ε.",29,Non-RespA,ΔΙΟΙΚΗΤ ΟΙΚΟΝΟΜ Π.Ε.,20,6,90,15,0.75,RespA,1,1,0,2
188,0,0,0,0,21,NoIdea,0,0,20080100017.pdf,0,2,8,1,0,1,0,0,Non-Org,0,0,0,0,0,0,0,"Πληροφορικής
Π.Ε.",17,Non-RespA,ΠΛΗΡΟΦΟΡ Π.Ε.,13,41,328,8,0.6153846154,RespA,1,0,1,1
189,0,0,0,0,21,NoIdea,0,0,20080100017.pdf,0,2,0,0,0,0,0,0,Non-Org,0,0,0,0,0,0,0,"Βιβλιοθηκονομίας
Τ.Ε.",21,Non-RespA,ΒΙΒΛΙΟΘΗΚΟΝΟΜ Τ.Ε.,18,0,0,0,0,RespA,0,0,0,1
190,0,0,0,0,21,NoIdea,0,0,20080100017.pdf,0,2,0,0,0,0,0,0,Non-Org,0,0,0,0,0,0,0,"Κοινωνικού
Τ.Ε.",15,Non-RespA,ΚΟΙΝΩΝ Τ.Ε.,11,0,0,0,0,RespA,0,0,0,1
191,0,0,0,0,21,NoIdea,0,0,20080100017.pdf,0,2,0,0,0,0,0,0,Non-Org,0,0,0,0,0,0,0,"ΔιοικητικούΛογιστικού
Τ.Ε.",26,Non-RespA,ΔΙΟΙΚΗΤΙΚΟΥΛΟΓΙΣΤ Τ.Ε.,22,0,0,0,0,RespA,0,0,0,1
193,0,0,0,0,21,NoIdea,0,0,20080100017.pdf,0,2,9,4,0,4,0,0,Non-Org,0,0,0,0,0,0,0,"Γραμματέα: 
Αυτοτελές Γραφείο Επικοινωνίας & 
Δημοσίων Σχέσεων
ΓΕΝΙΚΗ Δ/ΝΣΗ ΣΥΝΤΟΝΙΣΜΟΥ:",88,Non-RespA,ΓΡΑΜΜΑΤ ΑΥΤΟΤΕΛ ΓΡΑΦΕΙ ΕΠΙΚΟΙΝΩΝ ΔΗΜΟΣ ΣΧΕΣ ΓΕΝΙΚ Δ ΝΣ ΣΥΝΤΟΝΙΣΜ,64,41,338,31,0.484375,RespA,4,0,4,9
194,0,0,0,0,21,NoIdea,0,0,20080100017.pdf,0,2,13,2,0,2,0,0,Non-Org,0,0,0,0,0,0,0,"ΝΣΗ ΠΡΟΓΡΑΜΜΑΤΙΣΜΟΥ, ΑΝΑΠΤΥΞΗΣ & ΑΠΑΣΧΟΛΗΣΗΣ:",45,Non-RespA,ΝΣ ΠΡΟΓΡΑΜΜΑΤΙΣΜ ΑΝΑΠΤΥΞ ΑΠΑΣΧΟΛΗΣ,34,24,300,22,0.6470588235,RespA,2,0,2,3
195,0,0,0,0,21,NoIdea,0,0,20080100017.pdf,0,2,13,5,1,4,0,0,Non-Org,0,0,0,0,0,0,0,"Τμήμα Προγραμματισμού & Ανάπτυξης
Τμήμα Εκπαίδευσης & Κατάρτισης
Τμήμα Απασχόλησης
Δ/ΝΣΗ ΕΡΓΑΣΙΑΚΩΝ ΣΧΕΣΕΩΝ & 
ΚΟΙΝΩΝΙΚΗΣ ΠΟΛΙΤΙΚΗΣ:",132,Non-RespA,ΤΜΗΜ ΠΡΟΓΡΑΜΜΑΤΙΣΜ ΑΝΑΠΤΥΞ ΤΜΗΜ ΕΚΠΑΙΔΕΥΣ ΚΑΤΑΡΤΙΣ ΤΜΗΜ ΑΠΑΣΧΟΛΗΣ Δ ΝΣ ΕΡΓΑΣΙΑΚ ΣΧΕΣ ΚΟΙΝΩΝ ΠΟΛΙΤ,97,107,1014,52,0.5360824742,RespA,5,1,4,13
196,0,0,0,0,21,NoIdea,0,0,20080100017.pdf,0,2,14,7,2,5,0,2,Non-Org,12,0,0,0,0,0,0,"Τμήμα Εργασιακών Σχέσεων & Κοινωνικής Ασφάλισης 
Τμήμα Κοινωνικής Προστασίας & 
Υγείας
Τμήμα Αντιμετώπισης της Βίας 
λόγω Φύλου
Συμβουλευτικά Κέντρα
Δ/ΝΣΗ ΤΕΚΜΗΡΙΩΣΗΣ & ΠΛΗΡΟΦΟΡΗΣΗΣ:",182,Non-RespA,ΤΜΗΜ ΕΡΓΑΣΙΑΚ ΣΧΕΣ ΚΟΙΝΩΝ ΑΣΦΑΛΙΣ ΤΜΗΜ ΚΟΙΝΩΝ ΠΡΟΣΤΑΣ ΥΓΕΙ ΤΜΗΜ ΑΝΤΙΜΕΤΩΠΙΣ ΒΙ ΦΥΛ ΣΥΜΒΟΥΛΕΥΤ ΚΕΝΤΡ Δ ΝΣ ΤΕΚΜΗΡΙΩΣ ΠΛΗΡΟΦΟΡΗΣ,125,52,469,71,0.568,RespA,7,2,5,18
197,0,0,0,0,21,NoIdea,0,0,20080100017.pdf,0,2,14,4,1,3,0,0,Non-Org,0,0,0,0,0,0,0,"Τμήμα Τεκμηρίωσης
Τμήμα Πληροφόρησης
Τμήμα Βιβλιοθήκης
Δ/ΝΣΗ ΕΥΡΩΠΑΪΚΗΣ ΠΟΛΙΤΙΚΗΣ & 
ΔΙΕΘΝΟΥΣ ΣΥΝΕΡΓΑΣΙΑΣ:",106,Non-RespA,ΤΜΗΜ ΤΕΚΜΗΡΙΩΣ ΤΜΗΜ ΠΛΗΡΟΦΟΡΗΣ ΤΜΗΜ ΒΙΒΛΙΟΘΗΚ Δ ΝΣ ΕΥΡΩΠΑΪΚΗΣ ΠΟΛΙΤ ΔΙΕΘΝ ΣΥΝΕΡΓΑΣ,82,84,705,41,0.5,RespA,4,1,3,11
198,0,0,0,0,21,NoIdea,0,0,20080100017.pdf,0,2,15,4,1,3,0,1,Non-Org,8,0,0,0,0,0,0,"Τμήμα Ευρωπαϊκής Πολιτικής
Τμήμα Διεθνούς Συνεργασίας & Διεθνών Οργανισμών
Δ/ΝΣΗ ΔΙΟΙΚΗΤΙΚΟΥ – ΟΙΚΟΝΟΜΙΚΟΥ & ΟΡΓΑΝΩΣΗΣ:",119,RespA,ΤΜΗΜ ΕΥΡΩΠΑΙΚ ΠΟΛΙΤ ΤΜΗΜ ΔΙΕΘΝ ΣΥΝΕΡΓΑΣ ΔΙΕΘΝ ΟΡΓΑΝΙΣΜ Δ ΝΣ ΔΙΟΙΚΗΤ ΟΙΚΟΝΟΜ ΟΡΓΑΝΩΣ,83,116,938,38,0.4578313253,RespA,4,1,3,12
200,0,0,0,0,21,NoIdea,0,0,20080100017.pdf,0,0,0,0,0,0,0,0,Non-Org,0,0,0,0,0,0,0,ΒιβλιοθηΔ.Ε.,12,Non-RespA,ΒΙΒΛΙΟΘΗΔ.Ε.,12,0,0,0,0,RespA,0,0,0,0
201,0,0,0,0,21,NoIdea,0,0,20080100017.pdf,0,4,0,0,0,0,0,0,Non-Org,0,0,0,0,0,0,0,"Διοικητικού–
κονομίΛογιστιας
κού
Δ.Ε.",37,Non-RespA,ΔΙΟΙΚΗΤ ΚΟΝΟΜΙΛΟΓΙΣΤ Κ Δ.Ε.,27,0,0,0,0,RespA,0,0,0,1
202,0,0,0,0,21,NoIdea,0,0,20080100017.pdf,0,2,0,0,0,0,0,1,Non-Org,6,0,0,0,0,0,0,"Προσωπικού Η/Υ
Δ.Ε.",19,Non-RespA,ΠΡΟΣΩΠ Υ Δ.Ε.,13,0,0,0,0,RespA,0,0,0,3
203,0,0,0,0,21,NoIdea,0,0,20080100017.pdf,0,2,6,1,0,1,0,0,Non-Org,0,0,0,0,0,0,0,"Τεχνικών
Υ.Ε.",13,Non-RespA,ΤΕΧΝΙΚ Υ.Ε.,11,32,192,6,0.5454545455,RespA,1,0,1,1
204,0,0,0,0,21,NoIdea,0,0,20080100017.pdf,0,2,0,0,0,0,0,0,Non-Org,0,0,0,0,0,0,0,"Επιμελητών
Υ.Ε.",15,Non-RespA,ΕΠΙΜΕΛΗΤ Υ.Ε.,13,0,0,0,0,RespA,0,0,0,1
205,0,0,0,0,21,NoIdea,0,0,20080100017.pdf,0,2,0,0,0,0,0,0,Non-Org,0,0,0,0,0,0,0,"Εργατών
Υ.Ε.",12,Non-RespA,ΕΡΓΑΤ Υ.Ε.,10,0,0,0,0,RespA,0,0,0,1
206,0,0,0,0,21,NoIdea,0,0,20080100017.pdf,0,2,10,1,0,1,0,1,Non-Org,6,0,0,0,0,0,0,"Προσωπικού 
Καθαριότητας
Ι.Δ.Α.Χ.",33,Non-RespA,ΠΡΟΣΩΠ ΚΑΘΑΡΙΟΤΗΤ Ι.Δ.Α.Χ.,26,4,40,10,0.3846153846,RespA,1,0,1,2
208,0,0,0,0,21,NoIdea,0,0,20080100017.pdf,0,2,9,4,0,4,0,0,Non-Org,0,0,0,0,0,0,0,"Γραμματέα: 
Αυτοτελές Γραφείο Επικοινωνίας 
& Δημοσίων Σχέσεων
ΓΕΝΙΚΗ Δ/ΝΣΗ ΣΥΝΤΟΝΙΣΜΟΥ:",88,Non-RespA,ΓΡΑΜΜΑΤ ΑΥΤΟΤΕΛ ΓΡΑΦΕΙ ΕΠΙΚΟΙΝΩΝ ΔΗΜΟΣ ΣΧΕΣ ΓΕΝΙΚ Δ ΝΣ ΣΥΝΤΟΝΙΣΜ,64,41,338,31,0.484375,RespA,4,0,4,9
209,0,0,0,0,21,NoIdea,0,0,20080100017.pdf,0,2,13,2,0,2,0,0,Non-Org,0,0,0,0,0,0,0,"ΝΣΗ ΠΡΟΓΡΑΜΜΑΤΙΣΜΟΥ, 
ΑΝΑΠΤΥΞΗΣ & ΑΠΑΣΧΟΛΗΣΗΣ:",46,Non-RespA,ΝΣ ΠΡΟΓΡΑΜΜΑΤΙΣΜ ΑΝΑΠΤΥΞ ΑΠΑΣΧΟΛΗΣ,34,24,300,22,0.6470588235,RespA,2,0,2,3
210,0,0,0,0,21,NoIdea,0,0,20080100017.pdf,0,2,13,5,1,4,0,0,Non-Org,0,0,0,0,0,0,0,"Τμήμα Προγραμματισμού & Ανάπτυξης
Τμήμα Εκπαίδευσης & Κατάρτισης
Τμήμα Απασχόλησης
Δ/ΝΣΗ ΕΡΓΑΣΙΑΚΩΝ ΣΧΕΣΕΩΝ & 
ΚΟΙΝΩΝΙΚΗΣ ΠΟΛΙΤΙΚΗΣ:",132,Non-RespA,ΤΜΗΜ ΠΡΟΓΡΑΜΜΑΤΙΣΜ ΑΝΑΠΤΥΞ ΤΜΗΜ ΕΚΠΑΙΔΕΥΣ ΚΑΤΑΡΤΙΣ ΤΜΗΜ ΑΠΑΣΧΟΛΗΣ Δ ΝΣ ΕΡΓΑΣΙΑΚ ΣΧΕΣ ΚΟΙΝΩΝ ΠΟΛΙΤ,97,107,1014,52,0.5360824742,RespA,5,1,4,13
211,0,0,0,0,21,NoIdea,0,0,20080100017.pdf,0,2,14,7,2,5,0,2,Non-Org,12,0,0,0,0,0,0,"Τμήμα Εργασιακών Σχέσεων & 
Κοινωνικής Ασφάλισης 
Τμήμα Κοινωνικής Προστασίας 
& Υγείας
Τμήμα Αντιμετώπισης κατά Βίας 
λόγω Φύλου
Συμβουλευτικά Κέντρα
Δ/ΝΣΗ ΤΕΚΜΗΡΙΩΣΗΣ & ΠΛΗΡΟΦΟΡΗΣΗΣ:",184,Non-RespA,ΤΜΗΜ ΕΡΓΑΣΙΑΚ ΣΧΕΣ ΚΟΙΝΩΝ ΑΣΦΑΛΙΣ ΤΜΗΜ ΚΟΙΝΩΝ ΠΡΟΣΤΑΣ ΥΓΕΙ ΤΜΗΜ ΑΝΤΙΜΕΤΩΠΙΣ ΒΙ ΦΥΛ ΣΥΜΒΟΥΛΕΥΤ ΚΕΝΤΡ Δ ΝΣ ΤΕΚΜΗΡΙΩΣ ΠΛΗΡΟΦΟΡΗΣ,125,52,469,71,0.568,RespA,7,2,5,18
212,0,0,0,0,21,NoIdea,0,0,20080100017.pdf,0,2,14,4,1,3,0,0,Non-Org,0,0,0,0,0,0,0,"Τμήμα Τεκμηρίωσης
Τμήμα Πληροφόρησης
Τμήμα Βιβλιοθήκης
Δ/ΝΣΗ ΕΥΡΩΠΑΪΚΗΣ ΠΟΛΙΤΙΚΗΣ 
& ΔΙΕΘΝΟΥΣ ΣΥΝΕΡΓΑΣΙΑΣ:",106,Non-RespA,ΤΜΗΜ ΤΕΚΜΗΡΙΩΣ ΤΜΗΜ ΠΛΗΡΟΦΟΡΗΣ ΤΜΗΜ ΒΙΒΛΙΟΘΗΚ Δ ΝΣ ΕΥΡΩΠΑΪΚΗΣ ΠΟΛΙΤ ΔΙΕΘΝ ΣΥΝΕΡΓΑΣ,82,84,705,41,0.5,RespA,4,1,3,11
213,0,0,0,0,21,NoIdea,0,0,20080100017.pdf,0,2,15,4,1,3,0,1,Non-Org,8,0,0,0,0,0,0,"Τμήμα Ευρωπαϊκής Πολιτικής
Τμήμα Διεθνούς Συνεργασίας & 
Διεθνών Οργανισμών
Δ/ΝΣΗ ΔΙΟΙΚΗΤΙΚΟΥ – ΟΙΚΟΝΟΜΙΚΟΥ & ΟΡΓΑΝΩΣΗΣ:",120,Non-RespA,ΤΜΗΜ ΕΥΡΩΠΑΙΚ ΠΟΛΙΤ ΤΜΗΜ ΔΙΕΘΝ ΣΥΝΕΡΓΑΣ ΔΙΕΘΝ ΟΡΓΑΝΙΣΜ Δ ΝΣ ΔΙΟΙΚΗΤ ΟΙΚΟΝΟΜ ΟΡΓΑΝΩΣ,83,116,938,38,0.4578313253,RespA,4,1,3,12
214,0,0,0,0,21,NoIdea,0,0,20080100017.pdf,0,2,17,9,5,4,0,1,Non-Org,9,0,0,0,0,0,0,"Τμήμα Διοικητικού
Τμήμα Οικονομικού & Διαχείρισης Υλικού
Τμήμα Πληροφορικής & Τεχνικής 
Υποστήριξης
Τμήμα Ποιότητας & Αποδοτικότητας
Τμήμα Γραμματείας
ΝΟΜΙΚΟ ΤΜΗΜΑ
ΣΥΝΟΛΟ ΘΕΣΕΩΝ ΚΑΤΑ ΚΛΑΔΟ
1
18
3
3
156 
ΕΦΗΜΕΡΙΣ ΤΗΣ ΚΥΒΕΡΝΗΣΕΩΣ (ΤΕΥΧΟΣ ΠΡΩΤΟ) 
ΟΡΓΑΝΙΚΕΣ ΜΟΝΑΔΕΣ
Ι.Δ.Α.Χ.",270,Non-RespA,ΤΜΗΜ ΔΙΟΙΚΗΤ ΤΜΗΜ ΟΙΚΟΝΟΜ ΔΙΑΧΕΙΡΙΣ ΥΛ ΤΜΗΜ ΠΛΗΡΟΦΟΡ ΤΕΧΝΙΚ ΥΠΟΣΤΗΡΙΞ ΤΜΗΜ ΠΟΙΟΤΗΤ ΑΠΟΔΟΤΙΚΟΤΗΤ ΤΜΗΜ ΓΡΑΜΜΑΤΕΙ ΝΟΜ ΤΜΗΜ ΣΥΝΟΛ ΘΕΣ ΚΛΑΔ 1 18 3 3 156 ΕΦΗΜΕΡΙΣ ΚΥΒΕΡΝΗΣ ΤΕΥΧ ΠΡΩΤ ΟΡΓΑΝ ΜΟΝΑΔ Ι.Δ.Α.Χ.,196,91,835,99,0.5051020408,RespA,9,5,4,28
215,0,0,0,0,21,NoIdea,0,0,20080100017.pdf,0,2,13,4,3,1,0,2,Non-Org,12,0,0,0,0,0,0,"Βοηθητικού 
Προσωπικού
Προσωπικό με 
Σχέση Έμμισθης 
Εντολής:",61,Non-RespA,ΒΟΗΘΗΤ ΠΡΟΣΩΠ ΠΡΟΣΩΠ ΣΧΕΣ ΕΜΜΙΣΘ ΕΝΤΟΛ,38,16,156,42,1.105263158,Irrelevant,4,3,1,5
216,0,0,0,0,21,NoIdea,0,0,20080100017.pdf,0,2,7,4,0,4,0,0,Non-Org,0,0,0,0,0,0,0,"Δικηγόροι
ΤΕΛΙΚΟ 
ΣΥΝΟΛΟ ΘΕΣΕΩΝ 
ΚΑΤΑ ΜΟΝΑΔΑ
Μονάδες Υπαγόμενες στο Γεν.",72,Non-RespA,ΔΙΚΗΓΟΡ ΤΕΛΙΚ ΣΥΝΟΛ ΘΕΣ ΜΟΝΑΔ ΜΟΝΑΔ ΥΠΑΓΟΜΕΝ ΓΕΝ.,49,34,176,22,0.4489795918,Irrelevant,3,0,3,8
217,0,0,0,0,21,NoIdea,0,0,20080100017.pdf,0,2,9,4,0,4,0,0,Non-Org,0,0,0,0,0,0,0,"Γραμματέα: 
Αυτοτελές Γραφείο Επικοινωνίας 
& Δημοσίων Σχέσεων
ΓΕΝΙΚΗ Δ/ΝΣΗ ΣΥΝΤΟΝΙΣΜΟΥ:",88,Non-RespA,ΓΡΑΜΜΑΤ ΑΥΤΟΤΕΛ ΓΡΑΦΕΙ ΕΠΙΚΟΙΝΩΝ ΔΗΜΟΣ ΣΧΕΣ ΓΕΝΙΚ Δ ΝΣ ΣΥΝΤΟΝΙΣΜ,64,41,338,31,0.484375,Irrelevant,4,0,4,9
218,0,0,0,0,21,NoIdea,0,0,20080100017.pdf,0,2,13,2,0,2,0,0,Non-Org,0,0,0,0,0,0,0,"ΝΣΗ ΠΡΟΓΡΑΜΜΑΤΙΣΜΟΥ, 
ΑΝΑΠΤΥΞΗΣ & ΑΠΑΣΧΟΛΗΣΗΣ:",46,Non-RespA,ΝΣ ΠΡΟΓΡΑΜΜΑΤΙΣΜ ΑΝΑΠΤΥΞ ΑΠΑΣΧΟΛΗΣ,34,24,300,22,0.6470588235,Irrelevant,2,0,2,3
219,0,0,0,0,21,NoIdea,0,0,20080100017.pdf,0,2,13,5,1,4,0,0,Non-Org,0,0,0,0,0,0,0,"Τμήμα Προγραμματισμού & Ανάπτυξης
Τμήμα Εκπαίδευσης & Κατάρτισης
Τμήμα Απασχόλησης
Δ/ΝΣΗ ΕΡΓΑΣΙΑΚΩΝ ΣΧΕΣΕΩΝ & 
ΚΟΙΝΩΝΙΚΗΣ ΠΟΛΙΤΙΚΗΣ:",132,Non-RespA,ΤΜΗΜ ΠΡΟΓΡΑΜΜΑΤΙΣΜ ΑΝΑΠΤΥΞ ΤΜΗΜ ΕΚΠΑΙΔΕΥΣ ΚΑΤΑΡΤΙΣ ΤΜΗΜ ΑΠΑΣΧΟΛΗΣ Δ ΝΣ ΕΡΓΑΣΙΑΚ ΣΧΕΣ ΚΟΙΝΩΝ ΠΟΛΙΤ,97,107,1014,52,0.5360824742,Irrelevant,5,1,4,13
220,0,0,0,0,21,NoIdea,0,0,20080100017.pdf,0,2,14,7,2,5,0,2,Non-Org,12,0,0,0,0,0,0,"Τμήμα Εργασιακών Σχέσεων & 
Κοινωνικής Ασφάλισης 
Τμήμα Κοινωνικής Προστασίας & 
Υγείας
Τμήμα Αντιμετώπισης της Βίας 
λόγω Φύλου
Συμβουλευτικά Κέντρα
Δ/ΝΣΗ ΤΕΚΜΗΡΙΩΣΗΣ & ΠΛΗΡΟΦΟΡΗΣΗΣ:",183,Non-RespA,ΤΜΗΜ ΕΡΓΑΣΙΑΚ ΣΧΕΣ ΚΟΙΝΩΝ ΑΣΦΑΛΙΣ ΤΜΗΜ ΚΟΙΝΩΝ ΠΡΟΣΤΑΣ ΥΓΕΙ ΤΜΗΜ ΑΝΤΙΜΕΤΩΠΙΣ ΒΙ ΦΥΛ ΣΥΜΒΟΥΛΕΥΤ ΚΕΝΤΡ Δ ΝΣ ΤΕΚΜΗΡΙΩΣ ΠΛΗΡΟΦΟΡΗΣ,125,52,469,71,0.568,Irrelevant,7,2,5,18
221,0,0,0,0,21,NoIdea,0,0,20080100017.pdf,0,2,14,4,1,3,0,0,Non-Org,0,0,0,0,0,0,0,"Τμήμα Τεκμηρίωσης
Τμήμα Πληροφόρησης
Τμήμα Βιβλιοθήκης
Δ/ΝΣΗ ΕΥΡΩΠΑΪΚΗΣ ΠΟΛΙΤΙΚΗΣ 
& ΔΙΕΘΝΟΥΣ ΣΥΝΕΡΓΑΣΙΑΣ:",106,Non-RespA,ΤΜΗΜ ΤΕΚΜΗΡΙΩΣ ΤΜΗΜ ΠΛΗΡΟΦΟΡΗΣ ΤΜΗΜ ΒΙΒΛΙΟΘΗΚ Δ ΝΣ ΕΥΡΩΠΑΪΚΗΣ ΠΟΛΙΤ ΔΙΕΘΝ ΣΥΝΕΡΓΑΣ,82,84,705,41,0.5,Irrelevant,4,1,3,11
222,0,0,0,0,21,NoIdea,0,0,20080100017.pdf,0,2,15,4,1,3,0,1,Non-Org,8,0,0,0,0,0,0,"Τμήμα Ευρωπαϊκής Πολιτικής
Τμήμα Διεθνούς Συνεργασίας & 
Διεθνών Οργανισμών
Δ/ΝΣΗ ΔΙΟΙΚΗΤΙΚΟΥ – ΟΙΚΟΝΟΜΙΚΟΥ & ΟΡΓΑΝΩΣΗΣ:",120,Non-RespA,ΤΜΗΜ ΕΥΡΩΠΑΙΚ ΠΟΛΙΤ ΤΜΗΜ ΔΙΕΘΝ ΣΥΝΕΡΓΑΣ ΔΙΕΘΝ ΟΡΓΑΝΙΣΜ Δ ΝΣ ΔΙΟΙΚΗΤ ΟΙΚΟΝΟΜ ΟΡΓΑΝΩΣ,83,116,938,38,0.4578313253,Irrelevant,4,1,3,12