A,AlphaBulletCapDot,AlphaBulletCapPar,AlphaBulletDot,AlphaBulletPar,ArticleNo,Class,DigitBulletDot,DigitBulletPar,Filename,FirstPatternOffset,FirstWordInCapitalOffset,LongestMatchingPattern,MatchedPatternsCount,MatchingBigrams,MatchingUnigrams,OrgMatchingBigrams,OrgMatchingUnigrams,OrgPrediction,OrgTotalMatchingCharacters,PrevAlphaBulletCapDot,PrevAlphaBulletCapPar,PrevAlphaBulletDot,PrevAlphaBulletPar,PrevDigitBulletDot,PrevDigitBulletPar,RawParagraph,RawParagraphLength,RespAPrediction,StemmedParagraph,StemmedParagraphLength,SumMatchingEntries,SumMatchingEntriesLength,TotalMatchingCharacters,TotalMatchingRatio,TotalPrediction,UnqMatchedPatternsCount,UnqMatchingBigrams,UnqMatchingUnigrams,WordsInCapital
1850,0,0,0,0,1,NoIdea,0,0,20080100039.pdf,0,2,15,12,2,10,0,0,Non-Org,0,0,0,0,0,0,0,"Χαρακτήρας Υπαγωγή
Η Εθνική Υπηρεσία Πληροφοριών (Ε.Υ.Π.) αποτελεί 
αυτοτελή δημόσια πολιτική υπηρεσία και υπάγεται 
στον Υπουργό Εσωτερικών, ο οποίος είναι αρμόδιος 
για τον καθορισμό της δράσης της Ε.Υ.Π. στο πλαίσιο των εθνικών προτεραιοτήτων της κυβερνητικής 
πολιτικής, με την επιφύλαξη του άρθρου 5 παρ. 3 του
ν. 2292/1995.",329,Non-RespA,ΧΑΡΑΚΤΗΡ ΥΠΑΓΩΓ ΕΘΝ ΥΠΗΡΕΣ ΠΛΗΡΟΦΟΡ Ε.Υ.Π. ΑΠΟΤΕΛ ΑΥΤΟΤΕΛ ΔΗΜΟΣ ΠΟΛΙΤ ΥΠΗΡΕΣ ΥΠΑΓ ΥΠΟΥΡΓ ΕΣΩΤΕΡ ΑΡΜΟΔ ΚΑΘΟΡΙΣΜ ΔΡΑΣ Ε.Υ.Π. ΠΛΑΙΣΙ ΕΘΝ ΠΡΟΤΕΡΑΙΟΤΗΤ ΚΥΒΕΡΝΗΤ ΠΟΛΙΤ ΕΠΙΦΥΛΑΞ ΑΡΘΡ 5 ΠΑΡ. 3 Ν. 2292 1995.,198,92,572,99,0.5,Θέση,12,2,10,9
1851,0,0,0,0,2,NoIdea,0,0,20080100039.pdf,0,2,16,8,3,5,0,0,Non-Org,0,0,0,0,0,0,0,"Αποστολή
1. Η Ε.Υ.Π. έχει ως αποστολή, στο πλαίσιο του Συντάγματος και των νόμων, την αναζήτηση, συλλογή, 
επεξεργασία και γνωστοποίηση στις αρμόδιες αρχές 
των πληροφοριών που αφορούν:",185,RespA,ΑΠΟΣΤΟΛ 1. Ε.Υ.Π. ΑΠΟΣΤΟΛ ΠΛΑΙΣΙ ΣΥΝΤΑΓΜ ΝΟΜ ΑΝΑΖΗΤΗΣ ΣΥΛΛΟΓ ΕΠΕΞΕΡΓΑΣ ΓΝΩΣΤΟΠΟΙΗΣ ΑΡΜΟΔ ΑΡΧ ΠΛΗΡΟΦΟΡ ΑΦΟΡ,106,51,442,77,0.7264150943,Θέση,7,3,4,3
1852,0,0,1,0,2,NoIdea,0,0,20080100039.pdf,0,26,17,6,1,5,0,1,Non-Org,5,0,0,1,0,0,0,"Αποστολή
1. Η Ε.Υ.Π. έχει ως αποστολή, στο πλαίσιο του Συντάγματος και των νόμων, την αναζήτηση, συλλογή, 
επεξεργασία και γνωστοποίηση στις αρμόδιες αρχές 
των πληροφοριών που αφορούν:",264,RespA,Β. ΠΡΟΛΗΨ ΑΝΤΙΜΕΤΩΠΙΣ ΔΡΑΣΤΗΡΙΟΤΗΤ ΣΥΝΙΣΤ ΑΠΕΙΛ ΔΗΜΟΚΡΑΤ ΠΟΛΙΤΕΥΜ ΘΕΜΕΛΙΩΔ ΔΙΚΑΙΩΜ ΑΝΘΡΩΠ ΕΔΑΦ ΑΚΕΡΑΙΟΤΗΤ ΕΘΝ ΑΣΦΑΛΕΙ ΕΛΛΗΝ ΚΡΑΤ ΕΘΝ ΠΛΟΥΤ ΧΩΡΑΣ.,145,63,629,58,0.4,RespA,6,1,5,3
1853,0,0,1,0,2,NoIdea,0,0,20080100039.pdf,0,0,14,6,1,5,0,0,Non-Org,0,0,0,1,0,0,0,"γ. Την πρόληψη και αντιμετώπιση δραστηριοτήτων 
τρομοκρατικών οργανώσεων, καθώς και άλλων ομάδων 
οργανωμένου εγκλήματος.",121,RespA,Γ. ΠΡΟΛΗΨ ΑΝΤΙΜΕΤΩΠΙΣ ΔΡΑΣΤΗΡΙΟΤΗΤ ΤΡΟΜΟΚΡΑΤ ΟΡΓΑΝΩΣ ΟΜΑΔ ΟΡΓΑΝΩΜΕΝ ΕΓΚΛΗΜΑΤΟΣ.,79,75,715,59,0.746835443,RespA,6,1,5,0
1854,0,0,0,0,3,NoIdea,0,0,20080100039.pdf,0,2,12,3,1,2,0,1,Non-Org,5,0,0,0,0,0,0,"Συγκρότηση Διάρθρωση
1. Η Ε.Υ.Π. συγκροτείται από την Κεντρική Υπηρεσία 
και τις Περιφερειακές Μονάδες.",103,Non-RespA,ΣΥΓΚΡΟΤΗΣ ΔΙΑΡΘΡΩΣ 1. Ε.Υ.Π. ΣΥΓΚΡΟΤΕΙΤΑ ΚΕΝΤΡ ΥΠΗΡΕΣ ΠΕΡΙΦΕΡΕΙΑΚ ΜΟΝΑΔΕΣ.,74,40,428,32,0.4324324324,RespA,3,1,2,7
1855,0,0,0,0,3,NoIdea,1,0,20080100039.pdf,0,2,14,7,1,6,0,0,Org,0,0,0,0,0,1,0,"3. Στις Περιφερειακές Μονάδες ανήκουν οι υπηρεσίες, 
τα όργανα και οι σύνδεσμοι που ιδρύονται ή τοποθετούνται σε διάφορες περιοχές της Χώρας ή του εξωτερικού και ασκούν τις αρμοδιότητες τους σε ορισμένη 
περιφέρεια.",215,Non-RespA,3. ΠΕΡΙΦΕΡΕΙΑΚ ΜΟΝΑΔ ΑΝΗΚ ΥΠΗΡΕΣ ΟΡΓΑΝ ΣΥΝΔΕΣΜ ΙΔΡΥ ΤΟΠΟΘΕΤ ΔΙΑΦΟΡ ΠΕΡΙΟΧ ΧΩΡ ΕΞΩΤΕΡ ΑΣΚ ΑΡΜΟΔΙΟΤΗΤ ΟΡΙΣΜΕΝ ΠΕΡΙΦΕΡΕΙΑ.,119,91,659,53,0.4453781513,RespA,7,1,6,3
1856,0,0,0,0,3,NoIdea,1,0,20080100039.pdf,0,2,0,0,0,0,0,1,Non-Org,8,0,0,0,0,1,0,4. Στην Ε.Υ.Π. λειτουργεί:,26,Non-RespA,4. Ε.Υ.Π. ΛΕΙΤΟΥΡΓ,18,0,0,0,0,RespA,0,0,0,1
1857,0,0,1,0,3,NoIdea,0,0,20080100039.pdf,0,2,12,5,2,3,0,1,Non-Org,7,0,0,1,0,0,0,"β. Υπηρεσία Ιστορικού Αρχείου, που υπάγεται απευθείας στον Διοικητή της Ε.Υ.Π., με κύριο έργο την ταξινόμηση και αξιοποίηση των εγγράφων και του οπτικοακουστικού υλικού. Τα έγγραφα και το υλικό αυτό 
αποχαρακτηρίζονται μετά την πάροδο 50ετίας, με 
απόφαση του Διοικητή της Ε.Υ.Π., ύστερα από γνώμη 
Τριμελούς Επιτροπής Αποχαρακτηρισμού, που συγκροτείται από υπαλλήλους της Ε.Υ.Π., με απόφαση του ιδίου.",402,RespA,Β. ΥΠΗΡΕΣ ΙΣΤΟΡ ΑΡΧΕΙ ΥΠΑΓ ΑΠΕΥΘΕΙ ΔΙΟΙΚΗΤ Ε.Υ.Π. ΚΥΡΙ ΕΡΓ ΤΑΞΙΝΟΜΗΣ ΑΞΙΟΠΟΙΗΣ ΕΓΓΡΑΦ ΟΠΤΙΚΟΑΚΟΥΣΤ ΥΛΙΚΟΥ. ΕΓΓΡΑΦ ΥΛ ΑΠΟΧΑΡΑΚΤΗΡΙΖ ΠΑΡΟΔ 50ΕΤΙΑΣ ΑΠΟΦΑΣ ΔΙΟΙΚΗΤ Ε.Υ.Π. ΓΝΩΜ ΤΡΙΜΕΛ ΕΠΙΤΡΟΠ ΑΠΟΧΑΡΑΚΤΗΡΙΣΜ ΣΥΓΚΡΟΤΕΙΤΑ ΥΠΑΛΛΗΛ Ε.Υ.Π. ΑΠΟΦΑΣ ΙΔΙΟΥ.,242,31,259,45,0.1859504132,RespA,5,2,3,11
1858,0,0,0,0,4,NoIdea,0,0,20080100039.pdf,0,2,7,1,0,1,0,0,Non-Org,0,0,0,0,0,0,0,"Αρμοδιότητες
Για την εκπλήρωση της αποστολής της, η Ε.Υ.Π. ασκεί 
τις ακόλουθες αρμοδιότητες:",93,RespA,ΑΡΜΟΔΙΟΤΗΤ ΕΚΠΛΗΡΩΣ ΑΠΟΣΤΟΛ Ε.Υ.Π. ΑΣΚ ΑΚΟΛΟΥΘ ΑΡΜΟΔΙΟΤΗΤ,57,5,35,7,0.1228070175,RespA,1,0,1,2
1859,0,0,0,0,4,NoIdea,1,0,20080100039.pdf,0,10,23,3,2,1,0,0,Org,0,0,0,0,0,1,0,"4. Μεριμνά για την αντιμετώπιση της κατασκοπευτικής 
σε βάρος της Χώρας δραστηριότητας.",87,RespA,4. ΜΕΡΙΜΝ ΑΝΤΙΜΕΤΩΠΙΣ ΚΑΤΑΣΚΟΠΕΥΤ ΒΑΡ ΧΩΡ ΔΡΑΣΤΗΡΙΟΤΗΤΑΣ.,57,59,390,36,0.6315789474,Org,3,2,1,1
1860,0,0,0,0,4,NoIdea,1,0,20080100039.pdf,0,11,12,6,1,5,0,0,Org,0,0,0,0,0,1,0,"5. Παρέχει στα αρμόδια για την αντιμετώπιση κρίσεων 
συλλογικά όργανα του Κράτους την αναγκαία πληροφοριακή συνδρομή για την επιτέλεση της αποστολής 
τους.",155,RespA,5. ΠΑΡΕΧ ΑΡΜΟΔ ΑΝΤΙΜΕΤΩΠΙΣ ΚΡΙΣ ΣΥΛΛΟΓ ΟΡΓΑΝ ΚΡΑΤ ΑΝΑΓΚΑΙ ΠΛΗΡΟΦΟΡΙΑΚ ΣΥΝΔΡΟΜ ΕΠΙΤΕΛΕΣ ΑΠΟΣΤΟΛ ΤΟΥΣ.,100,53,478,53,0.53,Org,6,1,5,1
1861,0,0,0,0,4,NoIdea,1,0,20080100039.pdf,0,6,12,7,1,6,0,0,Org,0,0,0,0,0,1,0,"6. Παρέχει στους αρμόδιους φορείς του Υπουργείου 
Εθνικής Άμυνας την εντός των ορίων της αρμοδιότητας 
της, πληροφοριακή υποστήριξη, που είναι αναγκαία για 
την επιχειρησιακή σχεδίαση του Γ.Ε.ΕΘ.Α..",198,RespA,6. ΠΑΡΕΧ ΑΡΜΟΔ ΦΟΡ ΥΠΟΥΡΓΕΙ ΕΘΝ ΑΜΥΝ ΟΡΙ ΑΡΜΟΔΙΟΤΗΤ ΠΛΗΡΟΦΟΡΙΑΚ ΥΠΟΣΤΗΡΙΞ ΑΝΑΓΚΑΙ ΕΠΙΧΕΙΡΗΣΙΑΚ ΣΧΕΔΙΑΣ Γ.Ε.ΕΘ.Α..,113,106,964,60,0.5309734513,Org,7,1,6,4
1862,0,0,0,0,4,NoIdea,1,0,20080100039.pdf,0,2,17,10,3,7,0,1,Non-Org,4,0,0,0,0,1,0,"7. Αποτελεί Τεχνικής Φύσεως Αρχή Ασφαλείας Πληροφοριών (INFOSEC) και μεριμνά, σύμφωνα με τις διατάξεις της παρ. 4 του άρθρου 2 του π.δ. 325/2003 (ΦΕΚ 
273 Α΄), για την ασφάλεια των εθνικών επικοινωνιών 
και συστημάτων τεχνολογίας πληροφοριών, καθώς και 
για την πιστοποίηση του διαβαθμισμένου υλικού των 
εθνικών επικοινωνιών. Η πιστοποίηση παρέχεται έναντι 
καταβολής παραβόλου, το ύψος του οποίου καθορίζεται με κοινή απόφαση των Υπουργών Εσωτερικών και 
Οικονομίας και Οικονομικών.",484,RespA,7. ΑΠΟΤΕΛ ΤΕΧΝΙΚ ΦΥΣ ΑΡΧ ΑΣΦΑΛΕΙ ΠΛΗΡΟΦΟΡ INFOSEC ΜΕΡΙΜΝ ΣΥΜΦΩΝ ΔΙΑΤΑΞ ΠΑΡ. 4 ΑΡΘΡ 2 Π.Δ. 325 2003 ΦΕΚ 273 Α ΑΣΦΑΛΕΙ ΕΘΝ ΕΠΙΚΟΙΝΩΝ ΣΥΣΤΗΜ ΤΕΧΝΟΛΟΓ ΠΛΗΡΟΦΟΡ ΠΙΣΤΟΠΟΙΗΣ ΔΙΑΒΑΘΜΙΣΜΕΝ ΥΛ ΕΘΝ ΕΠΙΚΟΙΝΩΝΙΩΝ. ΠΙΣΤΟΠΟΙΗΣ ΠΑΡΕΧ ΕΝΑΝΤ ΚΑΤΑΒΟΛ ΠΑΡΑΒΟΛ ΥΨ ΚΑΘΟΡΙΖ ΚΟΙΝ ΑΠΟΦΑΣ ΥΠΟΥΡΓ ΕΣΩΤΕΡ ΟΙΚΟΝΟΜ ΟΙΚΟΝΟΜΙΚΩΝ.,297,98,709,91,0.3063973064,Org,8,3,5,13
1863,0,0,0,0,4,NoIdea,1,0,20080100039.pdf,0,4,20,14,12,2,0,0,Org,0,0,0,0,0,1,0,"8. Ορίζεται ως η Εθνική Αρχή Αντιμετώπισης Ηλεκτρονικών Επιθέσεων, η οποία μεριμνά για την πρόληψη και 
τη στατική και ενεργητική αντιμετώπιση ηλεκτρονικών 
επιθέσεων κατά δικτύων επικοινωνιών, εγκαταστάσεων 
αποθήκευσης πληροφοριών και συστημάτων πληροφορικής, σύμφωνα με τις διατάξεις της παρ. 3 του άρθρου 
2 του π.δ. 325/2003.",330,RespA,8. ΟΡΙΖ ΕΘΝ ΑΡΧ ΑΝΤΙΜΕΤΩΠΙΣ ΗΛΕΚΤΡΟΝ ΕΠΙΘΕΣ ΜΕΡΙΜΝ ΠΡΟΛΗΨ ΣΤΑΤΙΚ ΕΝΕΡΓΗΤ ΑΝΤΙΜΕΤΩΠΙΣ ΗΛΕΚΤΡΟΝ ΕΠΙΘΕΣ ΔΙΚΤΥ ΕΠΙΚΟΙΝΩΝ ΕΓΚΑΤΑΣΤΑΣ ΑΠΟΘΗΚΕΥΣ ΠΛΗΡΟΦΟΡ ΣΥΣΤΗΜ ΠΛΗΡΟΦΟΡ ΣΥΜΦΩΝ ΔΙΑΤΑΞ ΠΑΡ. 3 ΑΡΘΡ 2 Π.Δ. 325 2003.,205,85,804,218,1.063414634,Org,12,10,2,5
1864,0,0,0,0,4,NoIdea,1,0,20080100039.pdf,0,5,8,3,0,3,0,1,Non-Org,8,0,0,0,0,1,0,"9. Συνεργάζεται με τις αντίστοιχες Υπηρεσίες άλλων 
χωρών και διεθνών οργανισμών για την αποτελεσματικότερη εκπλήρωση της αποστολής της.",136,RespA,9. ΣΥΝΕΡΓΑΖ ΑΝΤΙΣΤΟΙΧ ΥΠΗΡΕΣ ΧΩΡ ΔΙΕΘΝ ΟΡΓΑΝΙΣΜ ΑΠΟΤΕΛΕΣΜΑΤΙΚ ΕΚΠΛΗΡΩΣ ΑΠΟΣΤΟΛ ΤΗΣ.,83,18,139,23,0.2771084337,Org,3,0,3,1
1865,0,0,0,0,4,NoIdea,1,0,20080100039.pdf,0,0,11,7,0,7,0,0,Org,0,0,0,0,0,1,0,"10. Συντάσσει, με βάση τις πληροφορίες που διαθέτει, 
πληροφοριακά δελτία, μελέτες και εκθέσεις τις οποίες 
και διαβιβάζει στις κατά περίπτωση αρμόδιες αρχές.",158,RespA,10. ΣΥΝΤΑΣΣ ΒΑΣ ΠΛΗΡΟΦΟΡ ΔΙΑΘΕΤ ΠΛΗΡΟΦΟΡΙΑΚ ΔΕΛΤ ΜΕΛΕΤ ΕΚΘΕΣ ΔΙΑΒΙΒΑΖ ΠΕΡΙΠΤΩΣ ΑΡΜΟΔ ΑΡΧΕΣ.,91,136,893,46,0.5054945055,Org,7,0,7,0
1866,0,0,1,0,5,NoIdea,0,0,20080100039.pdf,0,0,12,7,0,7,0,3,Non-Org,19,0,0,1,0,0,0,"β. Ενεργεί, ύστερα από διάταξη του εισαγγελικού λειτουργού της παραγράφου 3 του παρόντος και τηρουμένων των διατάξεων του ν. 3115/2003, άρση απορρήτου επιστολών και τηλεφωνικής ή άλλης επικοινωνίας, 
καθώς και καταγραφή δραστηριότητας προσώπων με 
ειδικά τεχνικά μέσα και ιδίως με συσκευή ήχου και εικόνας εκτός κατοικίας.",322,RespA,Β. ΕΝΕΡΓ ΔΙΑΤΑΞ ΕΙΣΑΓΓΕΛ ΛΕΙΤΟΥΡΓ ΠΑΡΑΓΡΑΦ 3 ΠΑΡΟΝΤ ΤΗΡΟΥΜΕΝ ΔΙΑΤΑΞ Ν. 3115 2003 ΑΡΣ ΑΠΟΡΡΗΤ ΕΠΙΣΤΟΛ ΤΗΛΕΦΩΝ ΕΠΙΚΟΙΝΩΝ ΚΑΤΑΓΡΑΦ ΔΡΑΣΤΗΡΙΟΤΗΤ ΠΡΟΣΩΠ ΕΙΔΙΚ ΤΕΧΝΙΚ ΙΔΙΩΣ ΣΥΣΚΕΥ ΗΧ ΕΙΚΟΝ ΚΑΤΟΙΚΙΑΣ.,193,119,928,51,0.2642487047,RespA,7,0,7,0
1867,0,0,1,0,5,NoIdea,0,0,20080100039.pdf,0,0,6,3,0,3,0,1,Non-Org,5,0,0,1,0,0,0,"δ. Μπορεί να δρα υπό κάλυψη στοιχείων ταυτότητας, 
ιδιότητας ή εργασίας ατομικά ή συλλογικά κατά τα 
ειδικότερα οριζόμενα στον εσωτερικό κανονισμό της.",151,RespA,Δ. ΔΡ ΚΑΛΥΨ ΣΤΟΙΧΕΙ ΤΑΥΤΟΤΗΤ ΙΔΙΟΤΗΤ ΕΡΓΑΣ ΑΤΟΜ ΣΥΛΛΟΓ ΕΙΔΙΚ ΟΡΙΖΟΜΕΝ ΕΣΩΤΕΡ ΚΑΝΟΝΙΣΜ ΤΗΣ.,90,48,256,15,0.1666666667,RespA,3,0,3,0
1868,0,0,0,0,5,NoIdea,1,0,20080100039.pdf,0,2,14,7,2,5,0,2,Non-Org,13,0,0,0,0,1,0,"3. Στην Ε.Υ.Π. αποσπάται ύστερα από απόφαση του 
Ανωτάτου Δικαστικού Συμβουλίου ένας εισαγγελικός 
λειτουργός για χρονικό διάστημα που δεν μπορεί να 
υπερβεί την τριετία, ο οποίος ελέγχει τη νομιμότητα 
των ειδικών επιχειρησιακών δράσεων της, που αφορούν 
θέματα Δικαιωμάτων του Ανθρώπου και ασκεί όσες άλλες αρμοδιότητες του ανατίθενται με διατάξεις του 
παρόντος νόμου.",371,RespA,3. Ε.Υ.Π. ΑΠΟΣΠ ΑΠΟΦΑΣ ΑΝΩΤΑΤ ΔΙΚΑΣΤ ΣΥΜΒΟΥΛ ΕΙΣΑΓΓΕΛ ΛΕΙΤΟΥΡΓ ΧΡΟΝ ΔΙΑΣΤΗΜ ΔΕΝ ΥΠΕΡΒ ΤΡΙΕΤ ΕΛΕΓΧ ΝΟΜΙΜΟΤΗΤ ΕΙΔΙΚ ΕΠΙΧΕΙΡΗΣΙΑΚ ΔΡΑΣ ΑΦΟΡ ΘΕΜ ΔΙΚΑΙΩΜ ΑΝΘΡΩΠ ΑΣΚ ΑΡΜΟΔΙΟΤΗΤ ΑΝΑΤΙΘΕΝΤΑ ΔΙΑΤΑΞ ΠΑΡΟΝΤ ΝΟΜΟΥ.,202,61,409,57,0.2821782178,RespA,7,2,5,6
1869,0,0,0,0,5,NoIdea,1,0,20080100039.pdf,0,4,16,4,1,3,0,3,Non-Org,17,0,0,0,0,1,0,"4. Το προσωπικό της Ε.Υ.Π. εκπαιδεύεται στη χρήση 
όπλων και ειδικών μέσων και μηχανημάτων. Για την 
οπλοκατοχή και οπλοφορία εφαρμόζονται ανάλογα οι 
διατάξεις του ν. 3169/2003 (ΦΕΚ 189 Α). Η Ε.Υ.Π. διαθέτει 
προσωπικό που φέρει υπηρεσιακό οπλισμό για την προστασία του και τη φύλαξη των εγκαταστάσεων της.",307,RespA,4. ΠΡΟΣΩΠ Ε.Υ.Π. ΕΚΠΑΙΔΕΥ ΧΡΗΣ ΟΠΛ ΕΙΔΙΚ ΜΕΣ ΜΗΧΑΝΗΜΑΤΩΝ. ΟΠΛΟΚΑΤΟΧ ΟΠΛΟΦΟΡ ΕΦΑΡΜΟΖ ΑΝΑΛΟΓ ΔΙΑΤΑΞ Ν. 3169 2003 ΦΕΚ 189 Α . Ε.Υ.Π. ΔΙΑΘΕΤ ΠΡΟΣΩΠ ΦΕΡ ΥΠΗΡΕΣΙΑΚ ΟΠΛΙΣΜ ΠΡΟΣΤΑΣ ΦΥΛΑΞ ΕΓΚΑΤΑΣΤΑΣ ΤΗΣ.,194,49,428,37,0.1907216495,RespA,4,1,3,6
1870,0,0,0,0,6,NoIdea,0,0,20080100039.pdf,0,2,11,10,2,8,0,5,Non-Org,31,0,0,0,0,0,0,"Υποχρεώσεις Αρχών Υπηρεσιών
1. Οι δημόσιες υπηρεσίες και τα νομικά πρόσωπα δημοσίου δικαίου, οι δημόσιες επιχειρήσεις, τα ελεγχόμενα ή εποπτευόμενα από το Δημόσιο νομικά πρόσωπα 
ιδιωτικού δικαίου, τα νομικά πρόσωπα του ευρύτερου 
δημόσιου τομέα, καθώς και οι οργανισμοί τοπικής αυτοδιοίκησης πρώτου και δεύτερου βαθμού και οι επιχειρήσεις τους υποχρεούνται να παρέχουν σε ειδικά 
εξουσιοδοτημένους υπαλλήλους της Ε.Υ.Π. κάθε πληροφορία, στοιχείο ή συνδρομή για την εκπλήρωση της 
αποστολής της.",495,RespA,ΥΠΟΧΡΕΩΣ ΑΡΧ ΥΠΗΡΕΣ 1. ΔΗΜΟΣ ΥΠΗΡΕΣ ΝΟΜ ΠΡΟΣΩΠ ΔΗΜΟΣ ΔΙΚΑΙ ΔΗΜΟΣ ΕΠΙΧΕΙΡΗΣ ΕΛΕΓΧΟΜΕΝ ΕΠΟΠΤΕΥΟΜΕΝ ΔΗΜΟΣ ΝΟΜ ΠΡΟΣΩΠ ΙΔΙΩΤ ΔΙΚΑΙ ΝΟΜ ΠΡΟΣΩΠ ΕΥΡ ΔΗΜΟΣ ΤΟΜ ΟΡΓΑΝΙΣΜ ΤΟΠ ΑΥΤΟΔΙΟΙΚΗΣ ΠΡΩΤ ΔΕΥΤ ΒΑΘΜ ΕΠΙΧΕΙΡΗΣ ΥΠΟΧΡΕ ΠΑΡΕΧ ΕΙΔΙΚ ΕΞΟΥΣΙΟΔΟΤΗΜΕΝ ΥΠΑΛΛΗΛ Ε.Υ.Π. ΠΛΗΡΟΦΟΡ ΣΤΟΙΧΕΙ ΣΥΝΔΡΟΜ ΕΚΠΛΗΡΩΣ ΑΠΟΣΤΟΛ ΤΗΣ.,296,91,767,86,0.2905405405,RespA,9,2,7,5
1871,0,0,0,0,6,NoIdea,0,0,20080100039.pdf,0,8,10,2,0,2,0,1,Non-Org,6,0,0,0,0,0,0,"Οι ανωτέρω φορείς και το προσωπικό της Ε.Υ.Π. οφείλουν να τηρούν το απόρρητο της επικοινωνίας και του 
περιεχομένου του αιτήματος, καθώς και των στοιχείων 
του επιληφθέντος προσωπικού.",184,RespA,ΟΙ ΦΟΡ ΠΡΟΣΩΠ Ε.Υ.Π. ΟΦΕΙΛ ΤΗΡ ΑΠΟΡΡΗΤ ΕΠΙΚΟΙΝΩΝ ΠΕΡΙΕΧΟΜΕΝ ΑΙΤΗΜ ΣΤΟΙΧΕΙ ΕΠΙΛΗΦΘΕΝΤ ΠΡΟΣΩΠΙΚΟΥ.,96,21,195,19,0.1979166667,RespA,2,0,2,1
1872,0,0,1,0,7,NoIdea,0,0,20080100039.pdf,0,3,0,0,0,0,0,0,Non-Org,0,0,0,1,0,0,0,"β. Οικονομίας και Οικονομικών,",30,Non-RespA,Β. ΟΙΚΟΝΟΜ ΟΙΚΟΝΟΜ,18,0,0,0,0,Irrelevant,0,0,0,1
1873,0,0,1,0,7,NoIdea,0,0,20080100039.pdf,0,0,6,1,0,1,0,0,Non-Org,0,0,0,1,0,0,0,"γ. Εξωτερικών,",14,Non-RespA,Γ. ΕΞΩΤΕΡ,9,13,78,6,0.6666666667,Irrelevant,1,0,1,0
1874,0,0,1,0,7,NoIdea,0,0,20080100039.pdf,0,2,0,0,0,0,0,0,Non-Org,0,0,0,1,0,0,0,"δ. Εθνικής Άμυνας,",18,Non-RespA,Δ. ΕΘΝ ΑΜΥΝ,11,0,0,0,0,Irrelevant,0,0,0,1
1875,0,0,1,0,7,NoIdea,0,0,20080100039.pdf,0,2,5,1,0,1,0,0,Non-Org,0,0,0,1,0,0,0,"ε. Εμπορικής Ναυτιλίας, Αιγαίου και Νησιωτικής Πολιτικής.",57,Non-RespA,Ε. ΕΜΠΟΡ ΝΑΥΤΙΛ ΑΙΓΑΙ ΝΗΣΙΩΤ ΠΟΛΙΤΙΚΗΣ.,39,22,110,5,0.1282051282,Irrelevant,1,0,1,4
1876,0,0,0,0,7,NoIdea,1,0,20080100039.pdf,0,4,18,12,3,9,0,1,Non-Org,9,0,0,0,0,1,0,"3. Το ως άνω Συμβούλιο προβαίνει σε εκτιμήσεις διαχείρισης πληροφοριών επί σοβαρών εγκληματικών 
ενεργειών, απειλών ή συμβάντων που πλήττουν ή είναι 
δυνατόν να επηρεάσουν την ασφάλεια της Χώρας ή τις 
διεθνείς και διμερείς σχέσεις με άλλες χώρες, παρέχοντας τις κατευθυντήριες οδηγίες προς τα συναρμόδια 
Υπουργεία και τους λοιπούς εμπλεκόμενους φορείς, με 
την επιφύλαξη των άρθρων 3 παρ. 1, 5 παρ. 3, 8 παρ. 4 
και 11 παρ. 8 του ν. 2292/1995. Επίσης, χαράσσει και την 
επικοινωνιακή τακτική επί των ανωτέρω ζητημάτων.",520,RespA,3. ΣΥΜΒΟΥΛ ΠΡΟΒΑΙΝ ΕΚΤΙΜΗΣ ΔΙΑΧΕΙΡΙΣ ΠΛΗΡΟΦΟΡ ΣΟΒΑΡ ΕΓΚΛΗΜΑΤ ΕΝΕΡΓΕΙ ΑΠΕΙΛ ΣΥΜΒΑΝΤ ΠΛΗΤΤ ΔΥΝΑΤΟΝ ΕΠΗΡΕΑΣ ΑΣΦΑΛΕΙ ΧΩΡ ΔΙΕΘΝ ΔΙΜΕΡ ΣΧΕΣ ΧΩΡ ΠΑΡΕΧ ΚΑΤΕΥΘΥΝΤΗΡ ΟΔΗΓ ΣΥΝΑΡΜΟΔ ΥΠΟΥΡΓΕΙ ΛΟΙΠ ΕΜΠΛΕΚΟΜΕΝ ΦΟΡ ΕΠΙΦΥΛΑΞ ΑΡΘΡ 3 ΠΑΡ. 1 5 ΠΑΡ. 3 8 ΠΑΡ. 4 11 ΠΑΡ. 8 Ν. 2292 1995. ΧΑΡΑΣΣ ΕΠΙΚΟΙΝΩΝΙΑΚ ΤΑΚΤ ΖΗΤΗΜΑΤΩΝ.,299,86,461,95,0.3177257525,RespA,12,3,9,4
1877,0,0,0,0,7,NoIdea,1,0,20080100039.pdf,0,2,21,2,1,1,0,0,Org,0,0,0,0,0,1,0,"4. Στο Συμβούλιο της παραγράφου 1 προεδρεύει ο 
Υπουργός Εσωτερικών και η γραμματειακή υποστήριξη 
του γίνεται με μέριμνα της Ε.Υ.Π..",133,RespA,4. ΣΥΜΒΟΥΛ ΠΑΡΑΓΡΑΦ 1 ΠΡΟΕΔΡΕΥ ΥΠΟΥΡΓ ΕΣΩΤΕΡ ΓΡΑΜΜΑΤΕΙΑΚ ΥΠΟΣΤΗΡΙΞ ΓΙΝ ΜΕΡΙΜΝ Ε.Υ.Π..,85,73,708,27,0.3176470588,RespA,2,1,1,4
1878,0,0,0,0,8,NoIdea,0,0,20080100039.pdf,0,2,16,3,2,1,0,1,Non-Org,8,0,0,0,0,0,0,"Συμβούλιο Πληροφοριών
1. Στην Ε.Υ.Π. λειτουργεί Συμβούλιο Πληροφοριών, στο 
οποίο μετέχουν:",91,"
RespA",ΣΥΜΒΟΥΛ ΠΛΗΡΟΦΟΡ 1. Ε.Υ.Π. ΛΕΙΤΟΥΡΓ ΣΥΜΒΟΥΛ ΠΛΗΡΟΦΟΡ ΜΕΤΕΧ,58,7,68,37,0.6379310345,RespA,2,1,1,5
1879,0,0,1,0,8,NoIdea,0,0,20080100039.pdf,0,3,0,0,0,0,0,0,Non-Org,0,0,0,1,0,0,0,"β. Οι αρμόδιοι Γενικοί Γραμματείς των Υπουργείων 
Εσωτερικών και Εξωτερικών.",76,Non-RespA,Β. ΑΡΜΟΔ ΓΕΝΙΚ ΓΡΑΜΜΑΤ ΥΠΟΥΡΓΕΙ ΕΣΩΤΕΡ ΕΞΩΤΕΡΙΚΩΝ.,50,0,0,0,0,Irrelevant,0,0,0,5
1880,0,0,1,0,8,NoIdea,0,0,20080100039.pdf,0,2,8,1,0,1,0,0,Non-Org,0,0,0,1,0,0,0,γ. Ο Διευθυντής της Διακλαδικής Διεύθυνσης Στρατιωτικών Πληροφοριών (ΔΔΣΠ).,75,Non-RespA,Γ. ΔΙΕΥΘΥΝΤ ΔΙΑΚΛΑΔ ΔΙΕΥΘΥΝΣ ΣΤΡΑΤΙΩΤ ΠΛΗΡΟΦΟΡ ΔΔΣΠ .,53,41,328,8,0.1509433962,Irrelevant,1,0,1,6
1881,0,0,1,0,8,NoIdea,0,0,20080100039.pdf,0,2,11,3,0,3,0,2,Non-Org,10,0,0,1,0,0,0,"δ. Ο Διευθυντής της Διεύθυνσης Κρατικής Ασφάλειας 
(ΔΙΚΑ) και ο Διευθυντής της Διεύθυνσης Αντιμετώπισης 
Ειδικών Εγκλημάτων Βίας (ΔΑΕΕΒ) του Αρχηγείου της 
Ελληνικής Αστυνομίας.",177,Non-RespA,Δ. ΔΙΕΥΘΥΝΤ ΔΙΕΥΘΥΝΣ ΚΡΑΤ ΑΣΦΑΛΕΙ ΔΙΚ ΔΙΕΥΘΥΝΤ ΔΙΕΥΘΥΝΣ ΑΝΤΙΜΕΤΩΠΙΣ ΕΙΔΙΚ ΕΓΚΛΗΜ ΒΙ ΔΑΕΕΒ ΑΡΧΗΓΕΙ ΕΛΛΗΝ ΑΣΤΥΝΟΜΙΑΣ.,115,33,273,24,0.2086956522,Irrelevant,3,0,3,15
1882,0,0,1,0,8,NoIdea,0,0,20080100039.pdf,0,2,7,2,0,2,0,0,Non-Org,0,0,0,1,0,0,0,"ε. Ο Διευθυντής της Διεύθυνσης Ασφάλειας του 
Υπουργείου Εμπορικής Ναυτιλίας, Αιγαίου και Νησιωτικής Πολιτικής.",111,Non-RespA,Ε. ΔΙΕΥΘΥΝΤ ΔΙΕΥΘΥΝΣ ΑΣΦΑΛΕΙ ΥΠΟΥΡΓΕΙ ΕΜΠΟΡ ΝΑΥΤΙΛ ΑΙΓΑΙ ΝΗΣΙΩΤ ΠΟΛΙΤΙΚΗΣ.,74,42,250,12,0.1621621622,Irrelevant,2,0,2,9
1883,0,0,0,0,8,NoIdea,0,0,20080100039.pdf,0,4,16,2,1,1,0,0,Non-Org,0,0,0,0,0,0,0,"Η συγκρότηση του Συμβουλίου Πληροφοριών γίνεται 
με απόφαση του Υπουργού Εσωτερικών, η οποία δημοσιεύεται στην Εφημερίδα της Κυβερνήσεως.",137,RespA,Η ΣΥΓΚΡΟΤΗΣ ΣΥΜΒΟΥΛ ΠΛΗΡΟΦΟΡ ΓΙΝ ΑΠΟΦΑΣ ΥΠΟΥΡΓ ΕΣΩΤΕΡ ΔΗΜΟΣΙΕΥ ΕΦΗΜΕΡΙΔ ΚΥΒΕΡΝΗΣΕΩΣ.,84,12,129,25,0.2976190476,RespA,2,1,1,6
1884,0,0,1,0,8,NoIdea,0,0,20080100039.pdf,0,0,8,2,0,2,0,0,Non-Org,0,0,0,1,0,0,0,"β. Να καταγράφει τις ανταλλασσόμενες πληροφορίες, 
στοιχεία και απόψεις.",72,RespA,Β. ΚΑΤΑΓΡΑΦ ΑΝΤΑΛΛΑΣΣΟΜΕΝ ΠΛΗΡΟΦΟΡ ΣΤΟΙΧΕΙ ΑΠΟΨΕΙΣ.,51,60,480,16,0.3137254902,RespA,2,0,2,0
1885,0,0,1,0,8,NoIdea,0,0,20080100039.pdf,0,0,11,5,0,5,0,0,Non-Org,0,0,0,1,0,0,0,"γ. Να προσδιορίζει και να διατυπώνει νέες πληροφοριακές απαιτήσεις, όπως αυτές διαμορφώνονται στο 
σύγχρονο διεθνές περιβάλλον ασφάλειας.",137,RespA,Γ. ΠΡΟΣΔΙΟΡΙΖ ΔΙΑΤΥΠΩΝ ΝΕ ΠΛΗΡΟΦΟΡΙΑΚ ΑΠΑΙΤΗΣ ΔΙΑΜΟΡΦΩΝ ΣΥΓΧΡΟΝ ΔΙΕΘΝ ΠΕΡΙΒΑΛΛΟΝ ΑΣΦΑΛΕΙΑΣ.,91,36,323,44,0.4835164835,RespA,5,0,5,0
1886,0,0,1,0,8,NoIdea,0,0,20080100039.pdf,0,12,10,3,2,1,0,0,Non-Org,0,0,0,1,0,0,0,δ. Να εξάγει συμπεράσματα και να διατυπώνει προτάσεις στους καθ’ ύλην αρμόδιους Υπουργούς.,90,RespA,Δ. ΕΞΑΓ ΣΥΜΠΕΡΑΣΜ ΔΙΑΤΥΠΩΝ ΠΡΟΤΑΣ ΚΑΘ ΥΛΗΝ ΑΡΜΟΔ ΥΠΟΥΡΓΟΥΣ.,59,31,200,24,0.406779661,RespA,3,2,1,1
1887,0,0,0,0,8,NoIdea,1,0,20080100039.pdf,0,2,16,5,2,3,0,3,Non-Org,16,0,0,0,0,1,0,"4. Στο Συμβούλιο Πληροφοριών μπορούν να μετέχουν, 
ύστερα από πρόσκληση του προέδρου, ανάλογα με τη 
φύση των συζητούμενων θεμάτων, εκπρόσωποι και 
άλλων δημόσιων υπηρεσιών ή νομικών προσώπων του 
δημόσιου τομέα και ειδικοί εμπειρογνώμονες για την 
παροχή απλής γνώμης.",269,Non-RespA,4. ΣΥΜΒΟΥΛ ΠΛΗΡΟΦΟΡ ΜΕΤΕΧ ΠΡΟΣΚΛΗΣ ΠΡΟΕΔΡ ΑΝΑΛΟΓ ΦΥΣ ΣΥΖΗΤΟΥΜΕΝ ΘΕΜ ΕΚΠΡΟΣΩΠ ΔΗΜΟΣ ΥΠΗΡΕΣ ΝΟΜ ΠΡΟΣΩΠ ΔΗΜΟΣ ΤΟΜ ΕΙΔΙΚ ΕΜΠΕΙΡΟΓΝΩΜΟΝ ΠΑΡΟΧ ΑΠΛ ΓΝΩΜΗΣ.,148,53,317,41,0.277027027,Org,5,2,3,2
1888,0,0,0,0,8,NoIdea,1,0,20080100039.pdf,0,6,6,2,0,2,0,0,Org,0,0,0,0,0,1,0,"5. Οι αρμοδιότητες του ως άνω Συμβουλίου ασκούνται στο πλαίσιο των αποφάσεων του ΚΥ.Σ.Ε.Α. και των 
οδηγιών του Υπουργού Εσωτερικών.",132,Non-RespA,5. ΑΡΜΟΔΙΟΤΗΤ ΣΥΜΒΟΥΛ ΑΣΚ ΠΛΑΙΣΙ ΑΠΟΦΑΣ ΚΥ.Σ.Ε.Α. ΟΔΗΓ ΥΠΟΥΡΓ ΕΣΩΤΕΡΙΚΩΝ.,73,36,192,10,0.1369863014,Org,2,0,2,4
1889,0,0,0,0,8,NoIdea,1,0,20080100039.pdf,0,4,10,3,1,2,0,2,Non-Org,13,0,0,0,0,1,0,"6. Με απόφαση του Υπουργού Εσωτερικών καθορίζεται η ειδικότερη διαδικασία συγκρότησης και λειτουργίας του Συμβουλίου, ο τρόπος λήψης αποφάσεων και 
κάθε άλλο σχετικό θέμα.",171,Non-RespA,6. ΑΠΟΦΑΣ ΥΠΟΥΡΓ ΕΣΩΤΕΡ ΚΑΘΟΡΙΖ ΕΙΔΙΚ ΔΙΑΔΙΚΑΣ ΣΥΓΚΡΟΤΗΣ ΛΕΙΤΟΥΡΓ ΣΥΜΒΟΥΛ ΤΡΟΠ ΛΗΨ ΑΠΟΦΑΣ ΣΧΕΤ ΘΕΜΑ.,100,16,121,23,0.23,Org,3,1,2,3
1890,0,0,0,0,9,NoIdea,0,0,20080100039.pdf,0,2,0,0,0,0,0,0,Non-Org,0,0,0,0,0,0,0,"Διοικητής Υποδιοικητές
1. Της Ε.Υ.Π. προΐσταται ο Διοικητής.",60,Non-RespA,ΔΙΟΙΚΗΤ ΥΠΟΔΙΟΙΚΗΤ 1. Ε.Υ.Π. ΠΡΟΪ́ΣΤΑΤΑΙ ΔΙΟΙΚΗΤΗΣ.,52,0,0,0,0,Org,0,0,0,4
1891,0,0,0,0,9,NoIdea,1,0,20080100039.pdf,0,7,7,1,0,1,0,0,Org,0,0,0,0,0,1,0,3. Για το διορισμό στη θέση του Διοικητή της Ε.Υ.Π.,51,RespA,3. ΔΙΟΡΙΣΜ ΘΕΣ ΔΙΟΙΚΗΤ Ε.Υ.Π.,29,8,56,7,0.2413793103,RespA,1,0,1,2
1892,0,0,0,0,9,NoIdea,1,0,20080100039.pdf,0,7,14,3,2,1,0,2,Non-Org,11,0,0,0,0,1,0,"5. Σε περίπτωση που διορίζεται σε θέση Διοικητή ή 
Υποδιοικητή δημόσιος υπάλληλος ή υπάλληλος νομικού 
προσώπου του δημόσιου τομέα, όπως οριοθετείται κάθε 
φορά, αναστέλλεται η άσκηση των καθηκόντων στην 
κύρια θέση του, στην οποία επανέρχεται αυτοδικαίως 
μετά την απαλλαγή από τα καθήκοντα της συγκεκριμένης θέσης.",316,RespA,5. ΠΕΡΙΠΤΩΣ ΔΙΟΡΙΖ ΘΕΣ ΔΙΟΙΚΗΤ ΥΠΟΔΙΟΙΚΗΤ ΔΗΜΟΣ ΥΠΑΛΛΗΛ ΥΠΑΛΛΗΛ ΝΟΜ ΠΡΟΣΩΠ ΔΗΜΟΣ ΤΟΜ ΟΡΙΟΘΕΤΕΙΤΑ ΦΟΡ ΑΝΑΣΤΕΛΛ ΑΣΚΗΣ ΚΑΘΗΚΟΝΤ ΚΥΡΙ ΘΕΣ ΕΠΑΝΕΡΧ ΑΥΤΟΔΙΚΑΙΩΣ ΑΠΑΛΛΑΓ ΚΑΘΗΚΟΝΤ ΣΥΓΚΕΚΡΙΜΕΝ ΘΕΣΗΣ.,189,9,102,34,0.1798941799,RespA,3,2,1,2
1893,0,0,0,0,9,NoIdea,1,0,20080100039.pdf,0,2,14,5,2,3,0,1,Non-Org,5,0,0,0,0,1,0,"6. Ο Διοικητής της Ε.Υ.Π. ασκεί τη διοίκηση της Υπηρεσίας, καθοδηγεί, συντονίζει, εποπτεύει και ελέγχει 
548 
ΕΦΗΜΕΡΙΣ ΤΗΣ ΚΥΒΕΡΝΗΣΕΩΣ (ΤΕΥΧΟΣ ΠΡΩΤΟ) 
το έργο της και είναι υπεύθυνος έναντι του Υπουργού 
Εσωτερικών για την άσκηση των καθηκόντων του.",249,RespA,6. ΔΙΟΙΚΗΤ Ε.Υ.Π. ΑΣΚ ΔΙΟΙΚΗΣ ΥΠΗΡΕΣ ΚΑΘΟΔΗΓ ΣΥΝΤΟΝΙΖ ΕΠΟΠΤΕΥ ΕΛΕΓΧ 548 ΕΦΗΜΕΡΙΣ ΚΥΒΕΡΝΗΣ ΤΕΥΧ ΠΡΩΤ ΕΡΓ ΥΠΕΥΘΥΝ ΕΝΑΝΤ ΥΠΟΥΡΓ ΕΣΩΤΕΡ ΑΣΚΗΣ ΚΑΘΗΚΟΝΤ ΤΟΥ.,151,20,188,50,0.3311258278,RespA,5,2,3,10
1894,0,0,0,0,9,NoIdea,1,0,20080100039.pdf,0,6,9,2,1,1,0,0,Org,0,0,0,0,0,1,0,"7. Ο χρόνος της θητείας του Διοικητή και των Υποδιοικητών λογίζεται ως χρόνος που διανύθηκε στην 
οργανική του θέση ως προς όλες τις υπηρεσιακές συνέπειες.",155,RespA,7. ΧΡΟΝ ΘΗΤΕΙ ΔΙΟΙΚΗΤ ΥΠΟΔΙΟΙΚΗΤ ΛΟΓΙΖ ΧΡΟΝ ΔΙΑΝΥΘ ΟΡΓΑΝ ΘΕΣ ΥΠΗΡΕΣΙΑΚ ΣΥΝΕΠΕΙΕΣ.,81,40,360,18,0.2222222222,RespA,2,1,1,2
1895,0,0,0,0,9,NoIdea,1,0,20080100039.pdf,0,4,8,1,0,1,0,0,Org,0,0,0,0,0,1,0,"8. Με απόφαση του Υπουργού Εσωτερικών, καθορίζονται οι αρμοδιότητες και τα καθήκοντα του Διοικητή 
και των Υποδιοικητών και ρυθμίζονται θέματα αναπλήρωσης αυτών σε περίπτωση κωλύματος ή απουσίας 
τους.",201,RespA,8. ΑΠΟΦΑΣ ΥΠΟΥΡΓ ΕΣΩΤΕΡ ΚΑΘΟΡΙΖ ΑΡΜΟΔΙΟΤΗΤ ΚΑΘΗΚΟΝΤ ΔΙΟΙΚΗΤ ΥΠΟΔΙΟΙΚΗΤ ΡΥΘΜΙΖ ΘΕΜ ΑΝΑΠΛΗΡΩΣ ΠΕΡΙΠΤΩΣ ΚΩΛΥΜ ΑΠΟΥΣ ΤΟΥΣ.,118,5,40,8,0.06779661017,RespA,1,0,1,4
1896,0,0,0,0,10,NoIdea,0,0,20080100039.pdf,0,3,7,1,0,1,0,2,Non-Org,12,0,0,0,0,0,0,"Κατηγορίες προσωπικού
1. Το προσωπικό της Ε.Υ.Π. αποτελείται από:",65,RespA,ΚΑΤΗΓΟΡ ΠΡΟΣΩΠ 1. ΠΡΟΣΩΠ Ε.Υ.Π. ΑΠΟΤΕΛΕΙΤΑ,42,2,14,7,0.1666666667,RespA,1,0,1,2
1897,0,0,1,0,10,NoIdea,0,0,20080100039.pdf,0,0,16,6,6,0,0,2,Non-Org,11,0,0,1,0,0,0,"β. Ειδικό επιστημονικό, καθώς και τεχνικό ή βοηθητικό 
προσωπικό, με σχέση εργασίας ιδιωτικού δικαίου ορισμένου ή αορίστου χρόνου.",130,RespA,Β. ΕΙΔΙΚ ΕΠΙΣΤΗΜΟΝ ΤΕΧΝΙΚ ΒΟΗΘΗΤ ΠΡΟΣΩΠ ΣΧΕΣ ΕΡΓΑΣ ΙΔΙΩΤ ΔΙΚΑΙ ΟΡΙΣΜΕΝ ΑΟΡΙΣΤ ΧΡΟΝΟΥ.,85,18,220,74,0.8705882353,RespA,6,6,0,0
1898,0,0,1,0,10,NoIdea,0,0,20080100039.pdf,0,7,7,2,0,2,0,3,Non-Org,16,0,0,1,0,0,0,"γ. Εν ενεργεία αξιωματικούς και υπαξιωματικούς των 
Ενόπλων Δυνάμεων και του Λιμενικού Σώματος, αξιωματικούς του Πυροσβεστικού Σώματος και αστυνομικό 
προσωπικό της Ελληνικής Αστυνομίας.",186,RespA,Γ. ΕΝΕΡΓΕΙ ΑΞΙΩΜΑΤ ΥΠΑΞΙΩΜΑΤ ΕΝΟΠΛ ΔΥΝΑΜ ΛΙΜΕΝ ΣΩΜ ΑΞΙΩΜΑΤ ΠΥΡΟΣΒΕΣΤ ΣΩΜ ΑΣΤΥΝΟΜ ΠΡΟΣΩΠ ΕΛΛΗΝ ΑΣΤΥΝΟΜΙΑΣ.,105,12,68,12,0.1142857143,RespA,2,0,2,8
1899,0,0,0,0,11,NoIdea,0,0,20080100039.pdf,0,2,8,5,0,5,0,2,Non-Org,16,0,0,0,0,0,0,"Οργανισμός
1. Με προεδρικό διάταγμα, που εκδίδεται ύστερα από 
πρόταση των Υπουργών Εσωτερικών και Οικονομίας 
και Οικονομικών καταρτίζεται ο Οργανισμός της Ε.Υ.Π..",164,RespA,ΟΡΓΑΝΙΣΜ 1. ΠΡΟΕΔΡ ΔΙΑΤΑΓΜ ΕΚΔΙΔ ΠΡΟΤΑΣ ΥΠΟΥΡΓ ΕΣΩΤΕΡ ΟΙΚΟΝΟΜ ΟΙΚΟΝΟΜ ΚΑΤΑΡΤΙΖ ΟΡΓΑΝΙΣΜ Ε.Υ.Π..,95,46,298,35,0.3684210526,RespA,4,0,4,7
1900,0,0,0,0,11,NoIdea,0,0,20080100039.pdf,0,3,14,2,1,1,0,1,Non-Org,8,0,0,0,0,0,0,"Με τον Οργανισμό αυτόν, μπορεί και κατά παρέκκλιση 
από τις ισχύουσες διατάξεις να:",83,RespA,ΜΕ ΟΡΓΑΝΙΣΜ ΠΑΡΕΚΚΛΙΣ ΙΣΧΥΟΥΣ ΔΙΑΤΑΞ,36,14,142,22,0.6111111111,RespA,2,1,1,1
1901,0,0,1,0,11,NoIdea,0,0,20080100039.pdf,0,0,15,10,3,7,0,2,Non-Org,11,0,0,1,0,0,0,"β. Συνιστώνται, αναδιαρθρώνονται ή καταργούνται 
κλάδοι και θέσεις κάθε κατηγορίας, βαθμού και ειδικότητας, μόνιμου ή με οποιαδήποτε σχέση εργασίας προσωπικού και καθορίζεται η κατανομή τους κατά κλάδο 
και ειδικότητα, τα απαιτούμενα για το διορισμό ή την 
πρόσληψη ειδικά προσόντα, τα όργανα και η διαδικασία 
διορισμού και τοποθέτησης και ρυθμίζεται κάθε άλλο 
σχετικό με αυτά θέμα.",384,RespA,Β. ΣΥΝΙΣΤΩΝΤΑ ΑΝΑΔΙΑΡΘΡΩΝ ΚΑΤΑΡΓ ΚΛΑΔ ΘΕΣ ΚΑΤΗΓΟΡ ΒΑΘΜ ΕΙΔΙΚΟΤΗΤ ΜΟΝΙΜ ΟΠΟΙΑΔΗΠΟΤ ΣΧΕΣ ΕΡΓΑΣ ΠΡΟΣΩΠ ΚΑΘΟΡΙΖ ΚΑΤΑΝΟΜ ΚΛΑΔ ΕΙΔΙΚΟΤΗΤ ΑΠΑΙΤΟΥΜΕΝ ΔΙΟΡΙΣΜ ΠΡΟΣΛΗΨ ΕΙΔΙΚ ΠΡΟΣΟΝΤ ΟΡΓΑΝ ΔΙΑΔΙΚΑΣ ΔΙΟΡΙΣΜ ΤΟΠΟΘΕΤΗΣ ΡΥΘΜΙΖ ΣΧΕΤ ΘΕΜΑ.,222,37,309,86,0.3873873874,RespA,9,3,6,0
1902,0,0,1,0,11,NoIdea,0,0,20080100039.pdf,0,13,20,9,2,7,0,1,Non-Org,6,0,0,1,0,0,0,"γ. Καθορίζονται ο κλάδος και ο τίτλος των προϊσταμένων των υπηρεσιακών μονάδων της Ε.Υ.Π., ο τρόπος 
της πλήρωσης των θέσεων αυτών, οι προϋποθέσεις, 
τα απαιτούμενα προσόντα, τα όργανα και η διαδικασία 
διορισμού και τοποθέτησης των προσώπων αυτών, οι 
αρμοδιότητες τους και τα καθήκοντα τους, η αναπλήρωση τους, καθώς και κάθε άλλο σχετικό με αυτά θέμα.",354,RespA,Γ. ΚΑΘΟΡΙΖ ΚΛΑΔ ΤΙΤΛ ΠΡΟΙΣΤΑΜΕΝ ΥΠΗΡΕΣΙΑΚ ΜΟΝΑΔ Ε.Υ.Π. ΤΡΟΠ ΠΛΗΡΩΣ ΘΕΣ ΠΡΟΥΠΟΘΕΣ ΑΠΑΙΤΟΥΜΕΝ ΠΡΟΣΟΝΤ ΟΡΓΑΝ ΔΙΑΔΙΚΑΣ ΔΙΟΡΙΣΜ ΤΟΠΟΘΕΤΗΣ ΠΡΟΣΩΠ ΑΡΜΟΔΙΟΤΗΤ ΚΑΘΗΚΟΝΤ ΑΝΑΠΛΗΡΩΣ ΣΧΕΤ ΘΕΜΑ.,180,45,367,81,0.45,RespA,9,2,7,1
1903,0,0,1,0,11,NoIdea,0,0,20080100039.pdf,0,14,18,9,1,8,0,2,Non-Org,11,0,0,1,0,0,0,"δ. Καθορίζονται ο αριθμός, ο κλάδος, ο βαθμός και 
η ειδικότητα του προσωπικού των Ενόπλων Δυνάμεων, 
του Λιμενικού Σώματος και των Σωμάτων Ασφαλείας, 
που απαιτείται για την κάλυψη των υπηρεσιακών αναγκών της Ε.Υ.Π., καθώς και οι όροι και οι προϋποθέσεις επιλογής και παραμονής τους στην Υπηρεσία και 
ρυθμίζεται γενικότερα η υπηρεσιακή τους κατάσταση, 
κατόπιν προτάσεως των συναρμόδιων Υπουργών.",398,RespA,Δ. ΚΑΘΟΡΙΖ ΑΡΙΘΜ ΚΛΑΔ ΒΑΘΜ ΕΙΔΙΚΟΤΗΤ ΠΡΟΣΩΠ ΕΝΟΠΛ ΔΥΝΑΜ ΛΙΜΕΝ ΣΩΜ ΣΩΜ ΑΣΦΑΛΕΙ ΑΠΑΙΤΕΙΤΑ ΚΑΛΥΨ ΥΠΗΡΕΣΙΑΚ ΑΝΑΓΚ Ε.Υ.Π. ΟΡ ΠΡΟΥΠΟΘΕΣ ΕΠΙΛΟΓ ΠΑΡΑΜΟΝ ΥΠΗΡΕΣ ΡΥΘΜΙΖ ΓΕΝΙΚ ΥΠΗΡΕΣΙΑΚ ΚΑΤΑΣΤΑΣ ΠΡΟΤΑΣ ΣΥΝΑΡΜΟΔ ΥΠΟΥΡΓΩΝ.,209,109,1006,68,0.3253588517,RespA,9,1,8,9
1904,0,0,1,0,11,NoIdea,0,0,20080100039.pdf,0,13,13,7,1,6,0,4,Non-Org,23,0,0,1,0,0,0,"ε. Καθορίζονται οι υπηρεσιακές σχέσεις μεταξύ του 
πολιτικού προσωπικού και του προσωπικού των Ενόπλων 
Δυνάμεων, του Λιμενικού Σώματος και των Σωμάτων 
Ασφαλείας και ρυθμίζονται θέματα πειθαρχικού δικαίου, 
ως και οι επιβαλλόμενες κυρώσεις για παραβάσεις των 
υποχρεώσεων του προσωπικού που προβλέπονται από 
τον Εσωτερικό Κανονισμό.",334,RespA,Ε. ΚΑΘΟΡΙΖ ΥΠΗΡΕΣΙΑΚ ΣΧΕΣ ΠΟΛΙΤ ΠΡΟΣΩΠ ΠΡΟΣΩΠ ΕΝΟΠΛ ΔΥΝΑΜ ΛΙΜΕΝ ΣΩΜ ΣΩΜ ΑΣΦΑΛΕΙ ΡΥΘΜΙΖ ΘΕΜ ΠΕΙΘΑΡΧ ΔΙΚΑΙ ΕΠΙΒΑΛΛΟΜΕΝ ΚΥΡΩΣ ΠΑΡΑΒΑΣ ΥΠΟΧΡΕΩΣ ΠΡΟΣΩΠ ΠΡΟΒΛΕΠ ΕΣΩΤΕΡ ΚΑΝΟΝΙΣΜΟ.,172,92,728,53,0.3081395349,RespA,7,1,6,8
1905,0,0,0,0,12,NoIdea,0,0,20080100039.pdf,0,2,12,10,1,9,0,6,Non-Org,35,0,0,0,0,0,0,"Εσωτερικός Κανονισμός
Με απόφαση του Υπουργού Εσωτερικών εγκρίνονται ο 
Εσωτερικός Κανονισμός της Ε.Υ.Π. και ο Πίνακας Σύνθεσης και Κατανομής του προσωπικού της στους κλάδους 
και τις υπηρεσίες της. Με τον Κανονισμό αυτόν ρυθμίζονται οι λεπτομέρειες της οργανωτικής διάρθρωσης 
των υπηρεσιών της Ε.Υ.Π., η στελέχωσή τους, οι ειδικότερες αρμοδιότητές τους, τα ειδικά καθήκοντα του 
Διοικητή, των Υποδιοικητών και λοιπών προϊσταμένων 
και οι ειδικότερες υποχρεώσεις του προσωπικού της 
Ε.Υ.Π. Καθορίζεται επίσης ο αριθμός των θέσεων, των 
οργάνων ή των συνδέσμων, καθώς και τα θέματα της 
λειτουργίας και των αρμοδιοτήτων τους. Ο Κανονισμός 
αυτός, καθώς και οι πράξεις συγκρότησης των συλλογικών οργάνων που προβλέπονται από αυτόν είναι 
απόρρητοι και δεν δημοσιεύονται στην Εφημερίδα της 
Κυβερνήσεως.",801,Non-RespA,ΕΣΩΤΕΡ ΚΑΝΟΝΙΣΜ ΑΠΟΦΑΣ ΥΠΟΥΡΓ ΕΣΩΤΕΡ ΕΓΚΡΙΝ ΕΣΩΤΕΡ ΚΑΝΟΝΙΣΜ Ε.Υ.Π. ΠΙΝΑΚ ΣΥΝΘΕΣ ΚΑΤΑΝΟΜ ΠΡΟΣΩΠ ΚΛΑΔ ΥΠΗΡΕΣ ΤΗΣ. ΚΑΝΟΝΙΣΜ ΡΥΘΜΙΖ ΛΕΠΤΟΜΕΡΕΙ ΟΡΓΑΝΩΤ ΔΙΑΡΘΡΩΣ ΥΠΗΡΕΣ Ε.Υ.Π. ΣΤΕΛΕΧΩΣ ΕΙΔΙΚ ΑΡΜΟΔΙΟΤΗΤ ΕΙΔΙΚ ΚΑΘΗΚΟΝΤ ΔΙΟΙΚΗΤ ΥΠΟΔΙΟΙΚΗΤ ΛΟΙΠ ΠΡΟΙΣΤΑΜΕΝ ΕΙΔΙΚ ΥΠΟΧΡΕΩΣ ΠΡΟΣΩΠ Ε.Υ.Π. ΚΑΘΟΡΙΖ ΑΡΙΘΜ ΘΕΣ ΟΡΓΑΝ ΣΥΝΔΕΣΜ ΘΕΜ ΛΕΙΤΟΥΡΓ ΑΡΜΟΔΙΟΤΗΤ ΤΟΥΣ. ΚΑΝΟΝΙΣΜ ΠΡΑΞ ΣΥΓΚΡΟΤΗΣ ΣΥΛΛΟΓ ΟΡΓΑΝ ΠΡΟΒΛΕΠ ΑΠΟΡΡΗΤ ΔΕΝ ΔΗΜΟΣΙΕΥ ΕΦΗΜΕΡΙΔ ΚΥΒΕΡΝΗΣΕΩΣ.,424,86,524,71,0.1674528302,Irrelevant,10,1,9,21
1906,0,0,0,0,13,NoIdea,0,0,20080100039.pdf,0,3,16,1,1,0,0,1,Non-Org,6,0,0,0,0,0,0,Εκπαίδευση προσωπικού Ε.Υ.Π.,28,Non-RespA,ΕΚΠΑΙΔΕΥΣ ΠΡΟΣΩΠ Ε.Υ.Π.,23,2,32,16,0.6956521739,Irrelevant,1,1,0,1
1907,0,0,0,0,13,NoIdea,1,0,20080100039.pdf,0,5,14,8,3,5,0,3,Non-Org,14,0,0,0,0,1,0,"2. Με κοινή απόφαση του Υπουργού Εσωτερικών και 
του κατά περίπτωση αρμόδιου Υπουργού καθορίζονται 
οι προϋποθέσεις και η διαδικασία εκπαίδευσης ή μετεκπαίδευσης του προσωπικού της Ε.Υ.Π. σε σχολές των 
Ενόπλων Δυνάμεων και Σωμάτων Ασφαλείας ή άλλων 
δημόσιων υπηρεσιών ή φορέων του εσωτερικού ή εξωτερικού, η συμμετοχή σε προγράμματα φορέων της ημεδαπής ή αλλοδαπής, καθώς και κάθε άλλο σχετικό θέμα.",401,RespA,2. ΚΟΙΝ ΑΠΟΦΑΣ ΥΠΟΥΡΓ ΕΣΩΤΕΡ ΠΕΡΙΠΤΩΣ ΑΡΜΟΔ ΥΠΟΥΡΓ ΚΑΘΟΡΙΖ ΠΡΟΥΠΟΘΕΣ ΔΙΑΔΙΚΑΣ ΕΚΠΑΙΔΕΥΣ ΜΕΤΕΚΠΑΙΔΕΥΣ ΠΡΟΣΩΠ Ε.Υ.Π. ΣΧΟΛ ΕΝΟΠΛ ΔΥΝΑΜ ΣΩΜ ΑΣΦΑΛΕΙ ΔΗΜΟΣ ΥΠΗΡΕΣ ΦΟΡ ΕΣΩΤΕΡ ΕΞΩΤΕΡ ΣΥΜΜΕΤΟΧ ΠΡΟΓΡΑΜΜ ΦΟΡ ΗΜΕΔΑΠ ΑΛΛΟΔΑΠ ΣΧΕΤ ΘΕΜΑ.,222,104,835,70,0.3153153153,RespA,8,3,5,8
1908,0,0,0,0,14,NoIdea,0,0,20080100039.pdf,0,3,14,11,2,9,0,2,Non-Org,11,0,0,0,0,0,0,"Καθήκον εχεμύθειας
1. Ο Διοικητής και οι Υποδιοικητές της Ε.Υ.Π., καθώς 
και το κάθε κατηγορίας προσωπικό της, έχουν καθήκον 
εχεμύθειας για τα έγγραφα, τις πληροφορίες ή τα άλλα 
στοιχεία των οποίων λαμβάνουν γνώση στο πλαίσιο της 
άσκησης των καθηκόντων τους. Η παράβαση του καθήκοντος εχεμύθειας αποτελεί πειθαρχικό παράπτωμα, το 
οποίο τιμωρείται για μεν τους πολιτικούς υπαλλήλους 
της Υπηρεσίας σύμφωνα με τα ισχύοντα στον Υπαλληλικό Κώδικα, για δε τους λοιπούς σύμφωνα με τις 
κείμενες κατά περίπτωση διατάξεις.",518,RespA,ΚΑΘΗΚΟΝ ΕΧΕΜΥΘΕΙ 1. ΔΙΟΙΚΗΤ ΥΠΟΔΙΟΙΚΗΤ Ε.Υ.Π. ΚΑΤΗΓΟΡ ΠΡΟΣΩΠ ΚΑΘΗΚΟΝ ΕΧΕΜΥΘΕΙ ΕΓΓΡΑΦ ΠΛΗΡΟΦΟΡ ΣΤΟΙΧΕΙ ΛΑΜΒΑΝ ΓΝΩΣ ΠΛΑΙΣΙ ΑΣΚΗΣ ΚΑΘΗΚΟΝΤ ΤΟΥΣ. ΠΑΡΑΒΑΣ ΚΑΘΗΚΟΝΤ ΕΧΕΜΥΘΕΙ ΑΠΟΤΕΛ ΠΕΙΘΑΡΧ ΠΑΡΑΠΤΩΜ ΤΙΜΩΡΕΙΤΑ ΠΟΛΙΤ ΥΠΑΛΛΗΛ ΥΠΗΡΕΣ ΣΥΜΦΩΝ ΙΣΧΥΟΝΤ ΥΠΑΛΛΗΛ ΚΩΔΙΚ ΔΕ ΛΟΙΠ ΣΥΜΦΩΝ ΚΕΙΜΕΝ ΠΕΡΙΠΤΩΣ ΔΙΑΤΑΞΕΙΣ.,293,134,908,83,0.2832764505,RespA,11,2,9,8
1909,0,0,0,0,14,NoIdea,1,0,20080100039.pdf,0,21,18,10,5,5,0,1,Non-Org,6,0,0,0,0,1,0,"3. Όποιος με οποιονδήποτε τρόπο δημοσιοποιεί διαβαθμισμένα έγγραφα ή στοιχεία που αφορούν στην υπηρεσιακή κατάσταση του προσωπικού και τον εξοπλισμό 
της Ε.Υ.Π., καθώς και όποιος παραβιάζει καθήκον εχεμύθειας ή τήρησης του απορρήτου που προβλέπεται από 
τις διατάξεις του παρόντος νόμου τιμωρείται με ποινή 
φυλάκισης τουλάχιστον ενός (1) έτους και με χρηματική 
ποινή από 20.000,00 € μέχρι 500.000,00 €, εφόσον η 
πράξη δεν τιμωρείται βαρύτερα από άλλη διάταξη και 
ιδίως από τα άρθρα 146 και 147 του Π.Κ.",506,Non-RespA,3. ΟΠΟΙΟΝΔΗΠΟΤ ΤΡΟΠ ΔΗΜΟΣΙΟΠΟΙ ΔΙΑΒΑΘΜΙΣΜΕΝ ΕΓΓΡΑΦ ΣΤΟΙΧΕΙ ΑΦΟΡ ΥΠΗΡΕΣΙΑΚ ΚΑΤΑΣΤΑΣ ΠΡΟΣΩΠ ΕΞΟΠΛΙΣΜ Ε.Υ.Π. ΠΑΡΑΒΙΑΖ ΚΑΘΗΚΟΝ ΕΧΕΜΥΘΕΙ ΤΗΡΗΣ ΑΠΟΡΡΗΤ ΠΡΟΒΛΕΠ ΔΙΑΤΑΞ ΠΑΡΟΝΤ ΝΟΜ ΤΙΜΩΡΕΙΤΑ ΠΟΙΝ ΦΥΛΑΚΙΣ 1 ΕΤ ΧΡΗΜΑΤ ΠΟΙΝ 20.000 00 500.000 00 ΕΦΟΣΟΝ ΠΡΑΞ ΔΕΝ ΤΙΜΩΡΕΙΤΑ ΒΑΡ ΔΙΑΤΑΞ ΙΔΙΩΣ ΑΡΘΡ 146 147 Π.Κ.,293,158,1422,101,0.3447098976,Org,10,5,5,2
1910,0,0,0,0,14,NoIdea,1,0,20080100039.pdf,0,4,10,6,0,6,0,2,Non-Org,12,0,0,0,0,1,0,"4. Το προσωπικό της Ε.ΥΠ. δεν επιτρέπεται να καταθέτει ως μάρτυρας στα δικαστήρια ή ενώπιον άλλης 
αρχής για ό,τι αναφέρεται σε θέματα, πληροφορίες, 
γεγονότα ή πρόσωπα που αφορούν την Υπηρεσία, χωρίς 
προηγούμενη έγκριση του Υπουργού Εσωτερικών, με 
την επιφύλαξη των διατάξεων του ν. 3115/2003.",296,Non-RespA,4. ΠΡΟΣΩΠ Ε.ΥΠ. ΔΕΝ ΕΠΙΤΡΕΠ ΚΑΤΑΘΕΤ ΜΑΡΤΥΡ ΔΙΚΑΣΤΗΡ ΕΝΩΠ ΑΡΧ ΑΝΑΦΕΡ ΘΕΜ ΠΛΗΡΟΦΟΡ ΓΕΓΟΝ ΠΡΟΣΩΠ ΑΦΟΡ ΥΠΗΡΕΣ ΠΡΟΗΓΟΥΜΕΝ ΕΓΚΡΙΣ ΥΠΟΥΡΓ ΕΣΩΤΕΡ ΕΠΙΦΥΛΑΞ ΔΙΑΤΑΞ Ν. 3115 2003.,167,71,522,45,0.2694610778,Org,6,0,6,4
1911,0,0,0,0,14,NoIdea,1,0,20080100039.pdf,0,2,11,7,1,6,0,3,Non-Org,17,0,0,0,0,1,0,"5. Η Ε.Υ.Π., κατά παρέκκλιση από κάθε γενική ή ειδική 
διάταξη, πάντοτε όμως με την επιφύλαξη των διατάξεων του ν. 3115/2003, όπως κάθε φορά ισχύει, εξαιρείται 
από την υποχρέωση να γνωστοποιεί σε άλλες δημόσιες 
υπηρεσίες και νομικά πρόσωπα δημοσίου ή ιδιωτικού 
δικαίου πληροφορίες ή στοιχεία εφόσον ο Διοικητής 
κρίνει ότι η δημοσιοποίηση τους βλάπτει το δημόσιο 
συμφέρον. Η πρόσβαση στα αρχεία της Ε.Υ.Π. επιτρέπεται μόνο στο προσωπικό της που εξουσιοδοτείται για 
την τήρηση και επεξεργασία του.",501,Non-RespA,5. Ε.Υ.Π. ΠΑΡΕΚΚΛΙΣ ΓΕΝΙΚ ΕΙΔΙΚ ΔΙΑΤΑΞ ΕΠΙΦΥΛΑΞ ΔΙΑΤΑΞ Ν. 3115 2003 ΦΟΡ ΙΣΧΥ ΕΞΑΙΡΕΙΤΑ ΥΠΟΧΡΕΩΣ ΓΝΩΣΤΟΠΟΙ ΔΗΜΟΣ ΥΠΗΡΕΣ ΝΟΜ ΠΡΟΣΩΠ ΔΗΜΟΣ ΙΔΙΩΤ ΔΙΚΑΙ ΠΛΗΡΟΦΟΡ ΣΤΟΙΧΕΙ ΕΦΟΣΟΝ ΔΙΟΙΚΗΤ ΚΡΙΝ ΔΗΜΟΣΙΟΠΟΙΗΣ ΒΛΑΠΤ ΔΗΜΟΣ ΣΥΜΦΕΡΟΝ. ΠΡΟΣΒΑΣ ΑΡΧΕΙ Ε.Υ.Π. ΕΠΙΤΡΕΠ ΠΡΟΣΩΠ ΕΞΟΥΣΙΟΔΟΤΕΙΤΑ ΤΗΡΗΣ ΕΠΕΞΕΡΓΑΣ ΤΟΥ.,291,185,1249,53,0.1821305842,Org,7,1,6,4
1912,0,0,0,0,15,NoIdea,0,0,20080100039.pdf,0,2,17,2,2,0,0,0,Non-Org,0,0,0,0,0,0,0,"Υπηρεσιακό Συμβούλιο
1. Το Υπηρεσιακό Συμβούλιο των πολιτικών υπαλλήλων 
της Ε.Υ.Π. είναι πενταμελές και αποτελείται από:",121,Non-RespA,ΥΠΗΡΕΣΙΑΚ ΣΥΜΒΟΥΛ 1. ΥΠΗΡΕΣΙΑΚ ΣΥΜΒΟΥΛ ΠΟΛΙΤ ΥΠΑΛΛΗΛ Ε.Υ.Π. ΠΕΝΤΑΜΕΛ ΑΠΟΤΕΛΕΙΤΑ,79,6,102,34,0.4303797468,Org,1,1,0,5
1913,0,0,1,0,15,NoIdea,0,0,20080100039.pdf,0,6,7,3,0,3,0,0,Non-Org,0,0,0,1,0,0,0,"β. Δύο μόνιμους πολιτικούς υπαλλήλους της Ε.Υ.Π., 
κατηγορίας ΠΕ, από τους έχοντες το μεγαλύτερο βαθμό, 
οι οποίοι ορίζονται με ισάριθμους αναπληρωτές, της 
ίδιας κατηγορίας και βαθμού, από τον Διοικητή.",203,Non-RespA,Β. ΔΥΟ ΜΟΝΙΜ ΠΟΛΙΤ ΥΠΑΛΛΗΛ Ε.Υ.Π. ΚΑΤΗΓΟΡ ΠΕ ΕΧΟΝΤ ΜΕΓΑΛ ΒΑΘΜ ΟΡΙΖ ΙΣΑΡΙΘΜ ΑΝΑΠΛΗΡΩΤ ΙΔΙ ΚΑΤΗΓΟΡ ΒΑΘΜ ΔΙΟΙΚΗΤΗ.,111,7,39,19,0.1711711712,Irrelevant,2,0,2,3
1914,0,0,1,0,15,NoIdea,0,0,20080100039.pdf,0,7,15,2,1,1,0,0,Non-Org,0,0,0,1,0,0,0,"γ. Δύο εκπροσώπους των πολιτικών υπαλλήλων της 
Ε.Υ.Π., οι οποίοι ορίζονται με τους αναπληρωτές τους 
από το διοικητικό συμβούλιο του δευτεροβάθμιου συνδικαλιστικού τους οργάνου.",178,Non-RespA,Γ. ΔΥΟ ΕΚΠΡΟΣΩΠ ΠΟΛΙΤ ΥΠΑΛΛΗΛ Ε.Υ.Π. ΟΡΙΖ ΑΝΑΠΛΗΡΩΤ ΔΙΟΙΚΗΤ ΣΥΜΒΟΥΛ ΔΕΥΤΕΡΟΒΑΘΜ ΣΥΝΔΙΚΑΛΙΣΤ ΟΡΓΑΝΟΥ.,100,17,215,26,0.26,Irrelevant,2,1,1,1
1915,0,0,0,0,15,NoIdea,1,0,20080100039.pdf,0,4,8,3,0,3,0,0,Org,0,0,0,0,0,1,0,"3. Καθήκοντα γραμματέα του Συμβουλίου ασκεί μόνιμος υπάλληλος της Ε.Υ.Π., κατηγορίας ΠΕ, ο οποίος 
ορίζεται με τον αναπληρωτή του από τον Διοικητή.",147,Non-RespA,3. ΚΑΘΗΚΟΝΤ ΓΡΑΜΜΑΤ ΣΥΜΒΟΥΛ ΑΣΚ ΜΟΝΙΜ ΥΠΑΛΛΗΛ Ε.Υ.Π. ΚΑΤΗΓΟΡ ΠΕ ΟΡΙΖ ΑΝΑΠΛΗΡΩΤ ΔΙΟΙΚΗΤΗ.,88,12,79,20,0.2272727273,Org,3,0,3,4
1916,0,0,0,0,15,NoIdea,1,0,20080100039.pdf,0,2,18,4,3,1,0,0,Org,0,0,0,0,0,1,0,"4. Το Υπηρεσιακό Συμβούλιο ασκεί και χρέη Υπηρεσιακού Πειθαρχικού Συμβουλίου, με τις αρμοδιότητες που 
προβλέπονται από τις σχετικές διατάξεις του Υπαλληλικού Κώδικα. Το Συμβούλιο αυτό αποφαίνεται σε πρώτο 
και τελευταίο βαθμό και οι αποφάσεις του προσβάλλονται μόνο ενώπιον των αρμόδιων δικαστηρίων.",300,Non-RespA,4. ΥΠΗΡΕΣΙΑΚ ΣΥΜΒΟΥΛ ΑΣΚ ΧΡΕ ΥΠΗΡΕΣΙΑΚ ΠΕΙΘΑΡΧ ΣΥΜΒΟΥΛ ΑΡΜΟΔΙΟΤΗΤ ΠΡΟΒΛΕΠ ΣΧΕΤ ΔΙΑΤΑΞ ΥΠΑΛΛΗΛ ΚΩΔΙΚΑ. ΣΥΜΒΟΥΛ ΑΠΟΦΑΙΝ ΠΡΩΤ ΤΕΛΕΥΤΑΙ ΒΑΘΜ ΑΠΟΦΑΣ ΠΡΟΣΒΑΛΛ ΕΝΩΠ ΑΡΜΟΔ ΔΙΚΑΣΤΗΡΙΩΝ.,176,23,255,53,0.3011363636,Org,4,3,1,9
1917,0,0,0,0,16,NoIdea,0,0,20080100039.pdf,0,2,17,7,2,5,0,4,Non-Org,21,0,0,0,0,0,0,"Μετατάξεις
Κατά παρέκκλιση κάθε γενικής ή ειδικής διάταξης, το 
πολιτικό προσωπικό της Ε.Υ.Π., εφόσον αυτό επιβάλλεται από λόγους δημόσιου συμφέροντος, μπορεί να 
μετατάσσεται σε κενές οργανικές ή συνιστώμενες με 
την πράξη μετάταξης προσωποπαγείς θέσεις άλλων 
υπηρεσιών του Δημοσίου, νομικών προσώπων δημοσίου δικαίου και κάθε βαθμού Ο.Τ.Α., με βάση τα τυπικά 
και ουσιαστικά προσόντα του, ύστερα από γνώμη του 
Υπηρεσιακού Συμβουλίου της Ε.Υ.Π. και κοινή απόφαση 
του Υπουργού Εσωτερικών και του κατά περίπτωση 
αρμόδιου Υπουργού. Αν η μετάταξη γίνεται σε Ο.Τ.Α.",565,Non-RespA,ΜΕΤΑΤΑΞ ΠΑΡΕΚΚΛΙΣ ΓΕΝΙΚ ΕΙΔΙΚ ΔΙΑΤΑΞ ΠΟΛΙΤ ΠΡΟΣΩΠ Ε.Υ.Π. ΕΦΟΣΟΝ ΕΠΙΒΑΛΛ ΛΟΓ ΔΗΜΟΣ ΣΥΜΦΕΡΟΝΤ ΜΕΤΑΤΑΣΣ ΚΕΝ ΟΡΓΑΝ ΣΥΝΙΣΤΩΜΕΝ ΠΡΑΞ ΜΕΤΑΤΑΞ ΠΡΟΣΩΠΟΠΑΓ ΘΕΣ ΥΠΗΡΕΣ ΔΗΜΟΣ ΝΟΜ ΠΡΟΣΩΠ ΔΗΜΟΣ ΔΙΚΑΙ ΒΑΘΜ Ο.Τ.Α. ΒΑΣ ΤΥΠ ΟΥΣΙΑΣΤ ΠΡΟΣΟΝΤ ΓΝΩΜ ΥΠΗΡΕΣΙΑΚ ΣΥΜΒΟΥΛ Ε.Υ.Π. ΚΟΙΝ ΑΠΟΦΑΣ ΥΠΟΥΡΓ ΕΣΩΤΕΡ ΠΕΡΙΠΤΩΣ ΑΡΜΟΔ ΥΠΟΥΡΓΟΥ. ΜΕΤΑΤΑΞ ΓΙΝ Ο.Τ.Α.,321,20,196,63,0.1962616822,Org,5,2,3,12
1918,0,0,0,0,16,NoIdea,0,0,20080100039.pdf,0,0,15,3,1,2,0,0,Non-Org,0,0,0,0,0,0,0,"πρώτου ή δεύτερου βαθμού απαιτείται και γνώμη του 
οικείου υπηρεσιακού συμβουλίου.",82,Non-RespA,ΠΡΩΤ ΔΕΥΤ ΒΑΘΜ ΑΠΑΙΤΕΙΤΑ ΓΝΩΜ ΟΙΚΕΙ ΥΠΗΡΕΣΙΑΚ ΣΥΜΒΟΥΛΙΟΥ.,57,16,138,28,0.4912280702,Org,3,1,2,0
1919,0,0,0,0,17,NoIdea,0,0,20080100039.pdf,0,2,9,10,0,10,0,1,Non-Org,8,0,0,0,0,0,0,"Μεταθέσεις Αποσπάσεις
1. Οι μεταθέσεις των υπαλλήλων της Ε.Υ.Π. ενεργούνται κατά τους θερινούς μήνες. Μεταθέσεις για λόγους 
που αναφέρονται στο συμφέρον της Υπηρεσίας διενεργούνται σε οποιονδήποτε χρόνο, κατά παρέκκλιση από 
κάθε άλλη διάταξη, ύστερα από γνώμη του Υπηρεσιακού 
Συμβουλίου. Η διαδικασία και οι λεπτομέρειες διενέργειας των μεταθέσεων ρυθμίζονται με τον Οργανισμό 
της Ε.Υ.Π..",392,Non-RespA,ΜΕΤΑΘΕΣ ΑΠΟΣΠΑΣ 1. ΜΕΤΑΘΕΣ ΥΠΑΛΛΗΛ Ε.Υ.Π. ΕΝΕΡΓ ΘΕΡΙΝ ΜΗΝΕΣ. ΜΕΤΑΘΕΣ ΛΟΓ ΑΝΑΦΕΡ ΣΥΜΦΕΡΟΝ ΥΠΗΡΕΣ ΔΙΕΝΕΡΓ ΟΠΟΙΟΝΔΗΠΟΤ ΧΡΟΝ ΠΑΡΕΚΚΛΙΣ ΔΙΑΤΑΞ ΓΝΩΜ ΥΠΗΡΕΣΙΑΚ ΣΥΜΒΟΥΛΙΟΥ. ΔΙΑΔΙΚΑΣ ΛΕΠΤΟΜΕΡΕΙ ΔΙΕΝΕΡΓΕΙ ΜΕΤΑΘΕΣ ΡΥΘΜΙΖ ΟΡΓΑΝΙΣΜ Ε.Υ.Π..,226,77,636,72,0.3185840708,Org,7,0,7,10
1920,0,0,0,0,17,NoIdea,1,0,20080100039.pdf,0,8,7,1,0,1,0,1,Non-Org,6,0,0,0,0,1,0,"3. Απαγορεύεται σε κάθε περίπτωση η απόσπαση 
εκτός Ε.Υ.Π. του πολιτικού προσωπικού της.",88,Non-RespA,3. ΑΠΑΓΟΡΕΥ ΠΕΡΙΠΤΩΣ ΑΠΟΣΠΑΣ Ε.Υ.Π. ΠΟΛΙΤ ΠΡΟΣΩΠ ΤΗΣ.,53,5,35,7,0.1320754717,Org,1,0,1,1
1921,0,0,0,0,17,NoIdea,1,0,20080100039.pdf,0,25,17,14,10,4,0,2,Non-Org,10,0,0,0,0,1,0,"4. Μόνιμοι υπάλληλοι και υπάλληλοι ιδιωτικού δικαίου αορίστου χρόνου δημόσιων υπηρεσιών και νομικών 
προσώπων δημοσίου δικαίου, που κατέχουν οργανικές 
θέσεις και είναι σύζυγοι υπαλλήλων της Ε.Υ.Π., επιτρέπεται να αποσπώνται, κατά παρέκκλιση των ισχυουσών 
διατάξεων, σε υπηρεσίες του Δημοσίου ή του ευρύτερου 
δημόσιου τομέα, στην περιοχή όπου υπηρετεί ο (η) σύζυγος τους, με την επιφύλαξη των διατάξεων της παρ. 14 
του άρθρου 10 του ν. 3051/2002 (ΦΕΚ 220 Α). Η απόσπαση 
διενεργείται με κοινή απόφαση του Υπουργού Εσωτερικών και του κατά περίπτωση αρμόδιου Υπουργού, που 
εκδίδεται ύστερα από σχετική αίτηση του υπαλλήλου 
και σύμφωνη γνώμη του Υπηρεσιακού Συμβουλίου της 
Υπηρεσίας ή του φορέα, από τον οποίο αποσπάται.",723,Non-RespA,4. ΜΟΝΙΜ ΥΠΑΛΛΗΛ ΥΠΑΛΛΗΛ ΙΔΙΩΤ ΔΙΚΑΙ ΑΟΡΙΣΤ ΧΡΟΝ ΔΗΜΟΣ ΥΠΗΡΕΣ ΝΟΜ ΠΡΟΣΩΠ ΔΗΜΟΣ ΔΙΚΑΙ ΚΑΤΕΧ ΟΡΓΑΝ ΘΕΣ ΣΥΖΥΓ ΥΠΑΛΛΗΛ Ε.Υ.Π. ΕΠΙΤΡΕΠ ΑΠΟΣΠΩΝΤΑ ΠΑΡΕΚΚΛΙΣ ΙΣΧΥΟΥΣ ΔΙΑΤΑΞ ΥΠΗΡΕΣ ΔΗΜΟΣ ΕΥΡ ΔΗΜΟΣ ΤΟΜ ΠΕΡΙΟΧ ΥΠΗΡΕΤ ΣΥΖΥΓ ΕΠΙΦΥΛΑΞ ΔΙΑΤΑΞ ΠΑΡ. 14 ΑΡΘΡ 10 Ν. 3051 2002 ΦΕΚ 220 Α . ΑΠΟΣΠΑΣ ΔΙΕΝΕΡΓΕΙΤΑ ΚΟΙΝ ΑΠΟΦΑΣ ΥΠΟΥΡΓ ΕΣΩΤΕΡ ΠΕΡΙΠΤΩΣ ΑΡΜΟΔ ΥΠΟΥΡΓ ΕΚΔΙΔ ΣΧΕΤ ΑΙΤΗΣ ΥΠΑΛΛΗΛ ΣΥΜΦΩΝ ΓΝΩΜ ΥΠΗΡΕΣΙΑΚ ΣΥΜΒΟΥΛ ΥΠΗΡΕΣ ΦΟΡ ΑΠΟΣΠΑΤΑΙ.,413,46,453,136,0.3292978208,Org,14,10,4,11
1922,0,0,0,0,17,NoIdea,1,0,20080100039.pdf,0,20,17,5,1,4,0,1,Non-Org,6,0,0,0,0,1,0,"5. Οι πράξεις διορισμού, μετάταξης, μετάθεσης και 
κάθε άλλης υπηρεσιακής μεταβολής οποιασδήποτε 
φύσεως ή κατηγορίας, που αφορούν στο προσωπικό 
της Ε.Υ.Π., δεν δημοσιεύονται στην Εφημερίδα της Κυβερνήσεως.",207,Non-RespA,5. ΠΡΑΞ ΔΙΟΡΙΣΜ ΜΕΤΑΤΑΞ ΜΕΤΑΘΕΣ ΥΠΗΡΕΣΙΑΚ ΜΕΤΑΒΟΛ ΟΠΟΙΑΣΔΗΠΟΤ ΦΥΣ ΚΑΤΗΓΟΡ ΑΦΟΡ ΠΡΟΣΩΠ Ε.Υ.Π. ΔΕΝ ΔΗΜΟΣΙΕΥ ΕΦΗΜΕΡΙΔ ΚΥΒΕΡΝΗΣΕΩΣ.,127,24,248,45,0.3543307087,Org,5,1,4,3
1923,0,0,0,0,18,NoIdea,0,0,20080100039.pdf,0,7,11,11,2,9,0,5,Non-Org,27,0,0,0,0,0,0,"Αναγνώριση χρόνου υπηρεσίας του υπηρετούντος 
στην Ε.Υ.Π. προσωπικού άλλων Υπηρεσιών
Ο χρόνος υπηρεσίας στην Ε.Υ.Π. του προσωπικού των 
Ενόπλων Δυνάμεων και των Σωμάτων Ασφαλείας, των 
550 
ΕΦΗΜΕΡΙΣ ΤΗΣ ΚΥΒΕΡΝΗΣΕΩΣ (ΤΕΥΧΟΣ ΠΡΩΤΟ) 
δημοσίων υπαλλήλων και των υπαλλήλων του δημόσιου 
τομέα λογίζεται, για κάθε συνέπεια, ως χρόνος πραγματικής υπηρεσίας στο Όπλο, Κλάδο, Σώμα ή υπηρεσία που ανήκουν. Ο χρόνος υπηρεσίας στην Ε.Υ.Π. των 
αξιωματικών των Ενόπλων Δυνάμεων και του Λιμενικού 
Σώματος λογίζεται κατά περίπτωση ως χρόνος διοίκησης ή ειδικής υπηρεσίας, αντίστοιχης του βαθμού 
τους. Ειδικά για τα στελέχη των Ενόπλων Δυνάμεων, ο 
καθορισμός του χρόνου διοικήσεως γίνεται σύμφωνα 
με τα καθοριζόμενα στις διαταγές των οικείων Γενικών 
Επιτελείων.",750,Non-RespA,ΑΝΑΓΝΩΡΙΣ ΧΡΟΝ ΥΠΗΡΕΣ ΥΠΗΡΕΤΟΥΝΤ Ε.Υ.Π. ΠΡΟΣΩΠ ΥΠΗΡΕΣ ΧΡΟΝ ΥΠΗΡΕΣ Ε.Υ.Π. ΠΡΟΣΩΠ ΕΝΟΠΛ ΔΥΝΑΜ ΣΩΜ ΑΣΦΑΛΕΙ 550 ΕΦΗΜΕΡΙΣ ΚΥΒΕΡΝΗΣ ΤΕΥΧ ΠΡΩΤ ΔΗΜΟΣ ΥΠΑΛΛΗΛ ΥΠΑΛΛΗΛ ΔΗΜΟΣ ΤΟΜ ΛΟΓΙΖ ΣΥΝΕΠΕΙ ΧΡΟΝ ΠΡΑΓΜΑΤ ΥΠΗΡΕΣ ΟΠΛ ΚΛΑΔ ΣΩΜ ΥΠΗΡΕΣ ΑΝΗΚΟΥΝ. ΧΡΟΝ ΥΠΗΡΕΣ Ε.Υ.Π. ΑΞΙΩΜΑΤ ΕΝΟΠΛ ΔΥΝΑΜ ΛΙΜΕΝ ΣΩΜ ΛΟΓΙΖ ΠΕΡΙΠΤΩΣ ΧΡΟΝ ΔΙΟΙΚΗΣ ΕΙΔΙΚ ΥΠΗΡΕΣ ΑΝΤΙΣΤΟΙΧ ΒΑΘΜ ΤΟΥΣ. ΕΙΔΙΚ ΣΤΕΛΕΧ ΕΝΟΠΛ ΔΥΝΑΜ ΚΑΘΟΡΙΣΜ ΧΡΟΝ ΔΙΟΙΚ ΓΙΝ ΣΥΜΦΩΝ ΚΑΘΟΡΙΖΟΜΕΝ ΔΙΑΤΑΓ ΟΙΚΕΙ ΓΕΝΙΚ ΕΠΙΤΕΛΕΙΩΝ.,440,57,408,79,0.1795454545,Org,9,2,7,27
1924,0,0,0,0,19,NoIdea,1,0,20080100039.pdf,0,14,5,2,0,2,0,3,Non-Org,18,0,0,0,0,1,0,"2. Ο τρόπος διαχείρισης και δικαιολόγησης των ποσών 
που εγγράφονται στις απόρρητες δαπάνες του Ειδικού 
Φορέα ρυθμίζεται με κοινή απόφαση των Υπουργών 
Εσωτερικών και Οικονομίας και Οικονομικών, η οποία 
δεν δημοσιεύεται στην Εφημερίδα της Κυβερνήσεως.",253,RespA,2. ΤΡΟΠ ΔΙΑΧΕΙΡΙΣ ΔΙΚΑΙΟΛΟΓΗΣ ΠΟΣ ΕΓΓΡΑΦ ΑΠΟΡΡΗΤ ΔΑΠΑΝ ΕΙΔΙΚ ΦΟΡ ΡΥΘΜΙΖ ΚΟΙΝ ΑΠΟΦΑΣ ΥΠΟΥΡΓ ΕΣΩΤΕΡ ΟΙΚΟΝΟΜ ΟΙΚΟΝΟΜ ΔΕΝ ΔΗΜΟΣΙΕΥ ΕΦΗΜΕΡΙΔ ΚΥΒΕΡΝΗΣΕΩΣ.,148,21,100,9,0.06081081081,RespA,2,0,2,8
1925,0,0,0,0,19,NoIdea,1,0,20080100039.pdf,0,8,14,6,2,4,0,2,Non-Org,10,0,0,0,0,1,0,"3. Για την αντιμετώπιση των τακτικών δαπανών της 
Ε.Υ.Π., συνιστάται στην Κεντρική Υπηρεσία πάγια προκαταβολή, σύμφωνα με τις διατάξεις του άρθρου 46 του 
ν. 2362/1995 (ΦΕΚ 247 Α΄). Ως την έκδοση του σχετικού 
προεδρικού διατάγματος, εξακολουθούν να εφαρμόζονται οι ισχύουσες διατάξεις.",286,RespA,3. ΑΝΤΙΜΕΤΩΠΙΣ ΤΑΚΤ ΔΑΠΑΝ Ε.Υ.Π. ΣΥΝΙΣΤ ΚΕΝΤΡ ΥΠΗΡΕΣ ΠΑΓ ΠΡΟΚΑΤΑΒΟΛ ΣΥΜΦΩΝ ΔΙΑΤΑΞ ΑΡΘΡ 46 Ν. 2362 1995 ΦΕΚ 247 Α . ΕΚΔΟΣ ΣΧΕΤ ΠΡΟΕΔΡ ΔΙΑΤΑΓΜ ΕΞΑΚΟΛΟΥΘ ΕΦΑΡΜΟΖ ΙΣΧΥΟΥΣ ΔΙΑΤΑΞΕΙΣ.,177,65,460,53,0.2994350282,RespA,6,2,4,6
1926,0,0,0,0,20,NoIdea,1,0,20080100039.pdf,0,8,12,2,1,1,0,1,Non-Org,5,0,0,0,0,1,0,2. Οι προμήθειες και η παροχή υπηρεσιών της Ε.Υ.Π.,50,Non-RespA,2. ΠΡΟΜΗΘΕΙ ΠΑΡΟΧ ΥΠΗΡΕΣ Ε.Υ.Π.,31,20,176,20,0.6451612903,Org,2,1,1,1
1927,0,0,0,0,20,NoIdea,0,0,20080100039.pdf,0,13,12,6,1,5,0,2,Non-Org,10,0,0,0,0,0,0,"Κατ’ εξαίρεση, οι προμήθειες και οι παροχές υπηρεσιών για τον εξοπλισμό της Ε.Υ.Π., που, με απόφαση του 
Διοικητή της, εμπίπτουν στις διατάξεις των εδαφίων γ΄, 
δ΄ και ε΄ της περίπτωσης II της παρ. 5 του άρθρου 1 του
ν. 2286/1995, διενεργούνται με βάση ειδικό κανονισμό, που 
εκδίδεται με απόφαση του Υπουργού Εσωτερικών.",321,Non-RespA,ΚΑΤ ΕΞΑΙΡΕΣ ΠΡΟΜΗΘΕΙ ΠΑΡΟΧ ΥΠΗΡΕΣ ΕΞΟΠΛΙΣΜ Ε.Υ.Π. ΑΠΟΦΑΣ ΔΙΟΙΚΗΤ ΕΜΠΙΠΤ ΔΙΑΤΑΞ ΕΔΑΦ Γ Δ Ε ΠΕΡΙΠΤΩΣ II ΠΑΡ. 5 ΑΡΘΡ 1 Ν. 2286 1995 ΔΙΕΝΕΡΓ ΒΑΣ ΕΙΔΙΚ ΚΑΝΟΝΙΣΜ ΕΚΔΙΔ ΑΠΟΦΑΣ ΥΠΟΥΡΓ ΕΣΩΤΕΡΙΚΩΝ.,187,46,354,46,0.2459893048,Irrelevant,6,1,5,5
1928,0,0,0,0,21,NoIdea,0,0,20080100039.pdf,0,3,14,6,2,4,0,3,Non-Org,21,0,0,0,0,0,0,"Μεταβατικές διατάξεις
Ως την έκδοση των κανονιστικών πράξεων που προβλέπονται από τις διατάξεις του παρόντος νόμου, καθώς 
και μέχρι την ανάληψη των καθηκόντων του εισαγγελικού λειτουργού της παραγράφου 3 του άρθρου 5 του 
παρόντος, η Ε.Υ.Π. εξακολουθεί να λειτουργεί με τις 
υφιστάμενες διατάξεις, εφόσον αυτές δεν αντίκεινται 
στις διατάξεις του νόμου αυτού.",360,Non-RespA,ΜΕΤΑΒΑΤ ΔΙΑΤΑΞ ΕΚΔΟΣ ΚΑΝΟΝΙΣΤ ΠΡΑΞ ΠΡΟΒΛΕΠ ΔΙΑΤΑΞ ΠΑΡΟΝΤ ΝΟΜ ΑΝΑΛΗΨ ΚΑΘΗΚΟΝΤ ΕΙΣΑΓΓΕΛ ΛΕΙΤΟΥΡΓ ΠΑΡΑΓΡΑΦ 3 ΑΡΘΡ 5 ΠΑΡΟΝΤ Ε.Υ.Π. ΕΞΑΚΟΛΟΥΘ ΛΕΙΤΟΥΡΓ ΥΦΙΣΤΑΜΕΝ ΔΙΑΤΑΞ ΕΦΟΣΟΝ ΔΕΝ ΑΝΤΙΚΕΙΝΤΑ ΔΙΑΤΑΞ ΝΟΜ ΑΥΤΟΥ.,202,31,266,55,0.2722772277,Irrelevant,6,2,4,2
1929,0,0,0,0,22,NoIdea,0,0,20080100039.pdf,0,3,10,1,1,0,0,1,Non-Org,5,0,0,0,0,0,0,"Καταργούμενες διατάξεις
Από την έναρξη ισχύος του παρόντος νόμου, καταργούνται οι διατάξεις του ν. 1645/1986 (ΦΕΚ 132 Α), καθώς 
και κάθε γενική ή ειδική διάταξη που αντίκειται στις 
διατάξεις του νόμου αυτού.",209,Non-RespA,ΚΑΤΑΡΓΟΥΜΕΝ ΔΙΑΤΑΞ ΕΝΑΡΞ ΙΣΧΥ ΠΑΡΟΝΤ ΝΟΜ ΚΑΤΑΡΓ ΔΙΑΤΑΞ Ν. 1645 1986 ΦΕΚ 132 Α ΓΕΝΙΚ ΕΙΔΙΚ ΔΙΑΤΑΞ ΑΝΤΙΚΕΙΤΑ ΔΙΑΤΑΞ ΝΟΜ ΑΥΤΟΥ.,124,4,40,10,0.08064516129,Irrelevant,1,1,0,3
1930,0,0,0,0,23,NoIdea,0,0,20080100039.pdf,0,7,0,0,0,0,0,0,Non-Org,0,0,0,0,0,0,0,Το άρθρο 24 του ν. 3051/2002 (ΦΕΚ 220 Α) αντικαθίσταται ως εξής:,64,Non-RespA,ΤΟ ΑΡΘΡ 24 Ν. 3051 2002 ΦΕΚ 220 Α ΑΝΤΙΚΑΘΙΣΤ,44,0,0,0,0,Irrelevant,0,0,0,2
1931,0,0,0,0,25,NoIdea,0,0,20080100039.pdf,0,24,9,4,0,4,0,0,Non-Org,0,0,0,0,0,0,0,"Η καταβολή των βασικών οφειλών πραγματοποιείται 
εφάπαξ ή σε δόσεις, έως την τελευταία εργάσιμη ημέρα 
του δέκατου μήνα από τη δημοσίευση του παρόντος. Σε 
περίπτωση μη καταβολής αυτών, καθίσταται απαιτητό 
το σύνολο κάθε οφειλής μαζί με τις κάθε είδους προσαυξήσεις και από τους Ο.Τ.Α.. Οι τρέχουσες απαιτητές 
ασφαλιστικές εισφορές, από τη δημοσίευση του νόμου 
αυτού και εφεξής καταβάλλονται εντός των νομίμων 
προθεσμιών.",425,RespA,Η ΚΑΤΑΒΟΛ ΒΑΣΙΚ ΟΦΕΙΛ ΠΡΑΓΜΑΤΟΠΟΙΕΙΤΑ ΕΦΑΠΑΞ ΔΟΣ ΤΕΛΕΥΤΑΙ ΕΡΓΑΣΙΜ ΗΜΕΡ ΔΕΚΑΤ ΜΗΝ ΔΗΜΟΣΙΕΥΣ ΠΑΡΟΝΤΟΣ. ΠΕΡΙΠΤΩΣ ΚΑΤΑΒΟΛ ΚΑΘΙΣΤ ΑΠΑΙΤΗΤ ΣΥΝΟΛ ΟΦΕΙΛ ΕΙΔ ΠΡΟΣΑΥΞΗΣ Ο.Τ.Α.. ΤΡΕΧ ΑΠΑΙΤΗΤ ΑΣΦΑΛΙΣΤ ΕΙΣΦΟΡ ΔΗΜΟΣΙΕΥΣ ΝΟΜ ΚΑΤΑΒΑΛΛ ΝΟΜΙΜ ΠΡΟΘΕΣΜΙΩΝ.,236,15,110,31,0.1313559322,RespA,3,0,3,3
1932,0,0,0,0,25,NoIdea,0,0,20080100039.pdf,0,5,15,8,1,7,0,2,Non-Org,10,0,0,0,0,0,0,"Περιοδικές και εκκαθαριστικές δηλώσεις Φ.Π.Α., δηλώσεις φορολογίας εισοδήματος και απόδοσης παρακρατούμενων φόρων εισοδήματος, που αφορούν φορολογικές και διαχειριστικές περιόδους για τις οποίες η 
υποχρέωση υποβολής έληξε μέχρι τη δημοσίευση του 
παρόντος νόμου, μπορούν επίσης να υποβληθούν έως 
την τελευταία εργάσιμη ημέρα του δέκατου μήνα από 
τη δημοσίευση του παρόντος, χωρίς κυρώσεις.",392,RespA,ΠΕΡΙΟΔ ΕΚΚΑΘΑΡΙΣΤ ΔΗΛΩΣ Φ.Π.Α. ΔΗΛΩΣ ΦΟΡΟΛΟΓ ΕΙΣΟΔΗΜ ΑΠΟΔΟΣ ΠΑΡΑΚΡΑΤΟΥΜΕΝ ΦΟΡ ΕΙΣΟΔΗΜ ΑΦΟΡ ΦΟΡΟΛΟΓ ΔΙΑΧΕΙΡΙΣΤ ΠΕΡΙΟΔ ΥΠΟΧΡΕΩΣ ΥΠΟΒΟΛ ΕΛΗΞ ΔΗΜΟΣΙΕΥΣ ΠΑΡΟΝΤ ΝΟΜ ΥΠΟΒΛ ΤΕΛΕΥΤΑΙ ΕΡΓΑΣΙΜ ΗΜΕΡ ΔΕΚΑΤ ΜΗΝ ΔΗΜΟΣΙΕΥΣ ΠΑΡΟΝΤ ΚΥΡΩΣΕΙΣ.,223,24,180,65,0.2914798206,RespA,5,1,4,1
1933,0,0,0,0,25,NoIdea,0,0,20080100039.pdf,0,0,0,0,0,0,0,0,Non-Org,0,0,0,0,0,0,0,"Τυχόν πρόσθετοι φόροι και πρόστιμα που έχουν καταβληθεί για τις ανωτέρω αιτίες δεν επιστρέφονται 
ούτε διαγράφονται.",116,RespA,ΤΥΧΟΝ ΠΡΟΣΘΕΤ ΦΟΡ ΠΡΟΣΤΙΜ ΚΑΤΑΒΛ ΑΙΤ ΔΕΝ ΕΠΙΣΤΡΕΦ ΔΙΑΓΡΑΦΟΝΤΑΙ.,63,0,0,0,0,RespA,0,0,0,0
1934,0,0,1,0,26,NoIdea,0,0,20080100039.pdf,0,2,14,2,1,1,0,0,Non-Org,0,0,0,1,0,0,0,"β. Τον Προϊστάμενο της Γενικής Διεύθυνσης Διοικητικής Υποστήριξης του Υπουργείου Εσωτερικών, με τον 
αναπληρωτή αυτού.",118,Non-RespA,Β. ΠΡΟΙΣΤΑΜΕΝ ΓΕΝΙΚ ΔΙΕΥΘΥΝΣ ΔΙΟΙΚΗΤ ΥΠΟΣΤΗΡΙΞ ΥΠΟΥΡΓΕΙ ΕΣΩΤΕΡ ΑΝΑΠΛΗΡΩΤ ΑΥΤΟΥ.,79,58,562,23,0.2911392405,Irrelevant,2,1,1,7
1935,0,0,1,0,26,NoIdea,0,0,20080100039.pdf,0,2,14,2,1,1,0,0,Non-Org,0,0,0,1,0,0,0,"γ. Τον Προϊστάμενο της Γενικής Διεύθυνσης Μεταναστευτικής Πολιτικής και Κοινωνικής Ένταξης του Υπουργείου Εσωτερικών, με τον αναπληρωτή αυτού.",142,Non-RespA,Γ. ΠΡΟΙΣΤΑΜΕΝ ΓΕΝΙΚ ΔΙΕΥΘΥΝΣ ΜΕΤΑΝΑΣΤΕΥΤ ΠΟΛΙΤ ΚΟΙΝΩΝ ΕΝΤΑΞ ΥΠΟΥΡΓΕΙ ΕΣΩΤΕΡ ΑΝΑΠΛΗΡΩΤ ΑΥΤΟΥ.,92,16,152,19,0.2065217391,Irrelevant,2,1,1,9
1936,0,0,0,0,27,NoIdea,1,0,20080100039.pdf,0,13,15,4,1,3,0,3,Non-Org,15,0,0,0,0,1,0,"2. α. Τα δημοτικά και κοινοτικά συμβούλια, καθώς και 
τα διοικητικά συμβούλια των ανωτέρω Ν.Π.Δ.Δ., εντός 
δύο (2) μηνών από την έναρξη ισχύος του παρόντος 
μπορούν να εκδώσουν σχετική απόφαση, με την οποία 
καθορίζεται η αποκλειστική προθεσμία υποβολής των 
δηλώσεων και των αιτήσεων προς υπαγωγή στη ρύθμιση 
552 
ΕΦΗΜΕΡΙΣ ΤΗΣ ΚΥΒΕΡΝΗΣΕΩΣ (ΤΕΥΧΟΣ ΠΡΩΤΟ) 
και η οποία δεν μπορεί να υπερβαίνει τους δύο (2) μήνες 
από την έκδοσή της.",433,Non-RespA,2. Α. ΔΗΜΟΤ ΚΟΙΝΟΤ ΣΥΜΒΟΥΛ ΔΙΟΙΚΗΤ ΣΥΜΒΟΥΛ Ν.Π.Δ.Δ. ΔΥΟ 2 ΜΗΝ ΕΝΑΡΞ ΙΣΧΥ ΠΑΡΟΝΤ ΕΚΔΩΣ ΣΧΕΤ ΑΠΟΦΑΣ ΚΑΘΟΡΙΖ ΑΠΟΚΛΕΙΣΤ ΠΡΟΘΕΣΜ ΥΠΟΒΟΛ ΔΗΛΩΣ ΑΙΤΗΣ ΥΠΑΓΩΓ ΡΥΘΜΙΣ 552 ΕΦΗΜΕΡΙΣ ΚΥΒΕΡΝΗΣ ΤΕΥΧ ΠΡΩΤ ΔΕΝ ΥΠΕΡΒΑΙΝ ΔΥΟ 2 ΜΗΝ ΕΚΔΟΣ ΤΗΣ.,222,28,227,32,0.1441441441,Org,4,1,3,6
1937,0,0,0,0,28,NoIdea,0,0,20080100039.pdf,0,12,9,1,0,1,0,0,Non-Org,0,0,0,0,0,0,0,"Η ισχύς του παρόντος νόμου αρχίζει από τη δημοσίευσή του στην Εφημερίδα της Κυβερνήσεως, εκτός αν 
από τις διατάξεις του ορίζεται διαφορετικά.",142,Non-RespA,Η ΙΣΧ ΠΑΡΟΝΤ ΝΟΜ ΑΡΧΙΖ ΔΗΜΟΣΙΕΥΣ ΕΦΗΜΕΡΙΔ ΚΥΒΕΡΝΗΣ ΔΙΑΤΑΞ ΟΡΙΖ ΔΙΑΦΟΡΕΤΙΚΑ.,75,5,45,9,0.12,Org,1,0,1,2